page,date,description_raw,amount,balance,balance_ok,description_clean,statement_id,bank
1,2026-04-02,POS PURCHASE AMPATH LAB 9981*7995,-509.93,30268.83,True,ampath lab,STMT001,protea
1,2026-04-02,DEBIT ORDER MONTESSORI PRE SCHOOL TUITION MENLYN 1161*7098 02 APR,-7257.74,23011.09,True,montessori pre school tuition menlyn,STMT001,protea
1,2026-04-03,CARD PURCHASE FOOD LOVERS MARKET CIRCLEVILLE,-861.23,22149.86,True,food lovers market circleville,STMT001,protea
1,2026-04-03,POS PURCHASE ARBYS HOLLYWOOD CAPE TOWN 7816*4741 03 APR,-151.59,21998.27,True,arbys hollywood cape town,STMT001,protea
1,2026-04-04,CARD PURCHASE DEBONAIRS PIZZA JOHANNESBURG WIUS 7493*3753,-186.4,21811.87,True,debonairs pizza johannesburg wius,STMT001,protea
1,2026-04-04,POS PURCHASE CELL RATES TAXES CAPE TOWN 1199*7947,-402.72,21409.15,True,cell rates taxes cape town,STMT001,protea
1,2026-04-04,POS PURCHASE SHELL HATFIELD,-648.47,20760.68,True,shell hatfield,STMT001,protea
1,2026-04-05,ACI POWER LIG,-2048.72,18711.96,True,aci power lig,STMT001,protea
1,2026-04-05,SEATTLE COFFEE ROSEBANK 5203*8043 05 APR,-177.69,18534.27,True,seattle coffee rosebank,STMT001,protea
1,2026-04-06,POS PURCHASE DAIRY QUEEN BONHAM 3699*9325,-111.05,18423.22,True,dairy queen bonham,STMT001,protea
1,2026-04-06,CR,-215.24,18207.98,True,cr,STMT001,protea
1,2026-04-06,CARD PURCHASE CHICKEN LICKEN SAN DIEGO 6944*2300 06 APR,-74.69,18133.29,True,chicken licken san diego,STMT001,protea
1,2026-04-07,EFT PAYMENT FSI CITY POWER LOCAL 5797*1404,-482.26,17651.03,True,fsi city power local,STMT001,protea
1,2026-04-07,POS PURCHASE SHOPRITE MEMBERS COM,-326.8,17324.23,True,shoprite members com,STMT001,protea
1,2026-04-07,DEBIT ORDER DELTA GAS BERGENFIELD 07 APR,-89.7,17234.53,True,delta gas bergenfield,STMT001,protea
1,2026-04-08,POS PURCHASE SPAR SUPER CENT PASCO MENLYN,-63.96,17170.57,True,spar super cent pasco menlyn,STMT001,protea
1,2026-04-08,POS PURCHASE ATM FEE,-96.96,17073.61,True,atm fee,STMT001,protea
1,2026-04-09,CARD PURCHASE SPOTIFY 4970*9439,-125.66,16947.95,True,spotify,STMT001,protea
1,2026-04-10,POS PURCHASE MONTHLY MAINTENANCE FEE BLOEMFONTEIN 10 APR,-117.06,16830.89,True,monthly maintenance fee bloemfontein,STMT001,protea
1,2026-04-10,POS PURCHASE DRESS RIVERSIDE 6993*7049 10 APR,-575.55,16255.34,True,dress riverside,STMT001,protea
1,2026-04-11,POS PURCHASE BP MOKENA SANDTON 7943*7500,-1715.89,14539.45,True,bp mokena sandton,STMT001,protea
1,2026-04-11,FAMILY 9148*4333,-1363.24,13176.21,True,family,STMT001,protea
1,2026-04-13,CARD PURCHASE SHELL 13 APR,-832.24,12343.97,True,shell,STMT001,protea
1,2026-04-14,CARD PURCHASE SPUR SAN DIEGO 14 APR,-52.06,12291.91,True,spur san diego,STMT001,protea
1,2026-04-15,POS PURCHASE DEBONAIRS PIZZA 3777*6645,-41.5,12250.41,True,debonairs pizza,STMT001,protea
1,2026-04-15,POS PURCHASE ASTRON ENERGY 2495*4428,-807.42,11442.99,True,astron energy,STMT001,protea
1,2026-04-15,POS PURCHASE WOOLWORTHS COM JOHANNESBURG,-349.7,11093.29,True,woolworths com johannesburg,STMT001,protea
1,2026-04-16,POS PURCHASE WOOLWORTHS FOOD COM 3209*2030,-742.95,10350.34,True,woolworths food com,STMT001,protea
1,2026-04-17,CARD PURCHASE DBT CRD ROMANS PIZZA BRISTOL SANDTON 9583*3983,-108.62,10241.72,True,dbt crd romans pizza bristol sandton,STMT001,protea
1,2026-04-17,POS PURCHASE NORTHSIDE MARKET DURBAN 2446*8493,-494.54,9747.18,True,northside market durban,STMT001,protea
1,2026-04-17,CARD PURCHASE CHECKERS SOWETO 1829*5990 17 APR,-344.38,9402.8,True,checkers soweto,STMT001,protea
1,2026-04-17,POS PURCHASE STEERS COLLEGE PARK DATE PRETORIA,-177.79,9225.01,True,steers college park date pretoria,STMT001,protea
1,2026-04-17,POS PURCHASE SHOPRITE AUBURN,-1183.61,8041.4,True,shoprite auburn,STMT001,protea
1,2026-04-21,RD STREET MINI MART BETHLEHEM PADATE HATFIELD 4274*5200 21 APR,-187.62,7853.78,True,rd street mini mart bethlehem padate hatfield,STMT001,protea
2,2026-04-21,POS PURCHASE ASTRON ENERGY AMPM BANNING 9636*1788 21 APR,-806.33,7047.45,True,astron energy ampm banning,STMT001,protea
2,2026-04-22,DEB CITY MARKET RAILROAD AVE RIFLE 8556*5053,-1087.93,5959.52,True,deb city market railroad ave rifle,STMT001,protea
2,2026-04-22,CARD PURCHASE GEORGE WASHINGTON WINCHESTER,-124.96,5834.56,True,george washington winchester,STMT001,protea
2,2026-04-22,POS PURCHASE ASTRON ENERGY WINTER SPRING 22 APR,-398.68,5435.88,True,astron energy winter spring,STMT001,protea
2,2026-04-23,NANDOS,-117.2,5318.68,True,nandos,STMT001,protea
2,2026-04-24,CARD PURCHASE MOZARTS COFFEE ROA AUSTIN 1713*1867,-501.36,4817.32,True,mozarts coffee roa austin,STMT001,protea
2,2026-04-24,POS PURCHASE PIQUA FRIENDLY GROCER 7177*5280 24 APR,-236.03,4581.29,True,piqua friendly grocer,STMT001,protea
2,2026-04-25,POS PURCHASE SPROUTS FARMER SPROUTS FARMERS OAKLAND ROSEBANK 8170*8081,-1098.1,3483.19,True,sprouts farmer sprouts farmers oakland rosebank,STMT001,protea
2,2026-04-25,POS PURCHASE ASTRON ENERGY QPS ROSEBANK 9257*3642,-1112.92,2370.27,True,astron energy qps rosebank,STMT001,protea
2,2026-04-25,SALARY SUNVELD ENGINEERING,28200.0,30570.27,True,salary sunveld engineering,STMT001,protea
2,2026-04-26,CARD PURCHASE CHECKERS ROSEBANK 3155*7141 26 APR,-207.53,30362.74,True,checkers rosebank,STMT001,protea
2,2026-04-26,GROVE MARKET PERSEVERANCE AUSTIN,-115.51,30247.23,True,grove market perseverance austin,STMT001,protea
2,2026-04-29,POS PURCHASE ESKOM AIRTIME JOHANNESBURG 1608*8479 29 APR,-247.97,29999.26,True,eskom airtime johannesburg,STMT001,protea
2,2026-04-30,POS PURCHASE ASTRON ENERGY ACWORTH 9932*8679 30 APR,-403.07,29596.19,True,astron energy acworth,STMT001,protea
2,2026-04-30,MONTHLY ACCOUNT FEE,-69.0,29527.19,True,monthly account fee,STMT001,protea
1,2026-09-01,MAGTAPE DEBIT SCHOOL FEES DEPT EDUC STUDENT FEES RANDBURG 01 SEP,-2103.22,15386.87,True,school fees dept educ student fees randburg,STMT002,karoo
1,2026-09-04,DEBIT ORDER AMPATH LAB CENTURION 9650*2329,-263.88,15122.99,True,ampath lab centurion,STMT002,karoo
1,2026-09-04,INTERNET PMT TO CITY TSHWANE ELECTRICITY 9293*7968,-844.82,14278.17,True,city tshwane electricity,STMT002,karoo
1,2026-09-05,CARD PURCHASE BOJANGLES HOPE MILLS 4043*4307,-261.19,14016.98,True,bojangles hope mills,STMT002,karoo
1,2026-09-06,TRADER JOE TRADE LOS ES 9309*2294,-366.66,13650.32,True,trader joe trade los es,STMT002,karoo
1,2026-09-06,DEBIT ORDER AMPATH LAB CONSULTATION,-235.38,13414.94,True,ampath lab consultation,STMT002,karoo
1,2026-09-07,POS PURCHASE PIN CHECKERS SUP JOHANNESBURG VUS,-551.36,12863.58,True,pin checkers sup johannesburg vus,STMT002,karoo
1,2026-09-08,GULF VERNON POLOKWANE,-233.56,12630.02,True,gulf vernon polokwane,STMT002,karoo
1,2026-09-11,AMPATH LAB CONSULTATION 2259*4386,-1426.54,11203.48,True,ampath lab consultation,STMT002,karoo
1,2026-09-13,DBT CRD SHELL NEW CASTLE DURBAN 8533*8591,-989.72,10213.76,True,dbt crd shell new castle durban,STMT002,karoo
1,2026-09-13,POS PURCHASE NONTD ATM FEE,-96.96,10116.8,True,nontd atm fee,STMT002,karoo
1,2026-09-13,POS PURCHASE SHOPRITE FREDERICKBURG,-529.81,9586.99,True,shoprite frederickburg,STMT002,karoo
1,2026-09-15,CARD PURCHASE MONTHLY MAINTENANCE FEE,-117.06,9469.93,True,monthly maintenance fee,STMT002,karoo
1,2026-09-15,POS PURCHASE MUGG BEAN,-173.81,9296.12,True,mugg bean,STMT002,karoo
1,2026-09-16,POS PURCHASE ATM FEE 2163*6083,-96.96,9199.16,True,atm fee,STMT002,karoo
1,2026-09-16,IASSECRET COM JOHANNESBURG 9638*9628,-696.6,8502.56,True,iassecret com johannesburg,STMT002,karoo
1,2026-09-17,POS PURCHASE WOOLWORTHS FOOD COM CENTURION 2753*2571 17 SEP,-940.13,7562.43,True,woolworths food com centurion,STMT002,karoo
1,2026-09-18,POS PURCHASE SUPER FOODS 6196*2382 18 SEP,-621.24,6941.19,True,super foods,STMT002,karoo
1,2026-09-19,POS PURCHASE SHELL GAS 19 SEP,-351.29,6589.9,True,shell gas,STMT002,karoo
1,2026-09-23,POS PURCHASE BURGER KING MELBOURNE 2590*7613 23 SEP,-535.18,6054.72,True,burger king melbourne,STMT002,karoo
1,2026-09-23,CARD PURCHASE NFL 2646*7171 23 SEP,-125.66,5929.06,True,nfl,STMT002,karoo
1,2026-09-24,CHICKEN LICKEN CENTURION,-166.11,5762.95,True,chicken licken centurion,STMT002,karoo
1,2026-09-24,CARD PURCHASE CKO PATREON MEMBER CAUS PRETORIA,-411.19,5351.76,True,cko patreon member caus pretoria,STMT002,karoo
1,2026-09-24,WOOLWORTHS FOOD HATFIELD 5437*2633 24 SEP,-178.85,5172.91,True,woolworths food hatfield,STMT002,karoo
1,2026-09-25,CARD PURCHASE WOOLWORTHS,-2546.34,2626.57,True,woolworths,STMT002,karoo
1,2026-09-25,SALARY BAOBAB CONSULTING,28600.0,31226.57,True,salary baobab consulting,STMT002,karoo
1,2026-09-25,POS PURCHASE SASOL,-1100.46,30126.11,True,sasol,STMT002,karoo
1,2026-09-26,TRANSFER TO SAVINGS,-1300.0,28826.11,True,transfer savings,STMT002,karoo
1,2026-09-26,CARD PURCHASE SASOL TUSCALOOSA 7174*6755 26 SEP,-215.76,28610.35,True,sasol tuscaloosa,STMT002,karoo
1,2026-09-27,POS PURCHASE SPAR ROCHESTER 27 SEP,-890.05,27720.3,True,spar rochester,STMT002,karoo
1,2026-09-27,POS PURCHASE SCHOOL FEES DEPT EDUC TUITION POLOKWANE 5303*6293,-2018.59,25701.71,True,school fees dept educ tuition polokwane,STMT002,karoo
1,2026-09-28,ATM FEE CAPE TOWN 7495*6310 28 SEP,-96.96,25604.75,True,atm fee cape town,STMT002,karoo
2,2026-09-28,BURLINGTON STO BURLINGTON STORES MOINES 3121*6395,-270.34,25334.41,True,burlington sto burlington stores moines,STMT002,karoo
2,2026-09-30,MONTHLY ACCOUNT FEE,-99.0,25235.41,True,monthly account fee,STMT002,karoo
2,2026-09-30,POS PURCHASE FOOD LION RALEIGH DURBAN 30 SEP,-130.97,25104.44,True,food lion raleigh durban,STMT002,karoo
1,2026-08-01,DEBIT ORDER ESKOM FIBRE MIDRAND,-373.86,32153.58,True,eskom fibre midrand,STMT003,highveld
1,2026-08-02,CITY POWER,-2394.84,29758.74,True,city power,STMT003,highveld
1,2026-08-03,CARD PURCHASE ESKOM RATES TAXES SOWETO 8402*1495 03 AUG,-854.19,28904.55,True,eskom rates taxes soweto,STMT003,highveld
1,2026-08-03,MAGTAPE DEBIT MONTESSORI PRE SCHOOL MENLYN 8978*7113,-1897.35,27007.2,True,montessori pre school menlyn,STMT003,highveld
1,2026-08-03,EFT PAYMENT ALABAMAPOWERRW MIDRAND,-2098.15,24909.05,True,alabamapowerrw midrand,STMT003,highveld
1,2026-08-03,CREDITNINJA,-714.3,24194.75,True,creditninja,STMT003,highveld
1,2026-08-04,SHELL SIG PUR HARRISONBURG 8577*1698,-812.6,23382.15,True,shell sig pur harrisonburg,STMT003,highveld
1,2026-08-05,POS PURCHASE SASOL HATFIELD,-1698.82,21683.33,True,sasol hatfield,STMT003,highveld
1,2026-08-05,INTERNET PMT TO MEDICLINIC DURBAN 05 AUG,-229.96,21453.37,True,mediclinic durban,STMT003,highveld
1,2026-08-05,POS PURCHASE BOXER SUP 3742*8069,-96.05,21357.32,True,boxer sup,STMT003,highveld
1,2026-08-06,POS PURCHASE MONTHLY MAINTENANCE FEE SANDTON 9346*4781,-138.88,21218.44,True,monthly maintenance fee sandton,STMT003,highveld
1,2026-08-06,ENGEN HATFIELD,-535.69,20682.75,True,engen hatfield,STMT003,highveld
1,2026-08-06,POS PURCHASE SANFORD,-294.3,20388.45,True,sanford,STMT003,highveld
1,2026-08-06,DEBIT ORDER FBS GREENWOOD UD RANDBURG 06 AUG,-756.52,19631.93,True,fbs greenwood ud randburg,STMT003,highveld
1,2026-08-07,POS PURCHASE WOOLWORTHS FOOD HATFIELD 3853*3687,-638.53,18993.4,True,woolworths food hatfield,STMT003,highveld
1,2026-08-07,POS PURCHASE PIN USE FEE ASTRON ENERGY ATKINSONS PEMBROKE WADE ROSEBANK,-93.95,18899.45,True,pin use fee astron energy atkinsons pembroke wade rosebank,STMT003,highveld
1,2026-08-07,POS PURCHASE EAST NORTHPOR,-135.81,18763.64,True,east northpor,STMT003,highveld
1,2026-08-09,CARD PURCHASE ENGEN ELYSBURG PIN 2556*1598 09 AUG,-769.27,17994.37,True,engen elysburg pin,STMT003,highveld
1,2026-08-09,POS PURCHASE PUBLIX SNELLVILLE 09 AUG,-84.52,17909.85,True,publix snellville,STMT003,highveld
1,2026-08-10,POS PURCHASE MONTHLY MAINTENANCE FEE CAPE TOWN 1065*2532,-117.06,17792.79,True,monthly maintenance fee cape town,STMT003,highveld
1,2026-08-10,SPUR WASKOM PRETORIA 6277*1125 10 AUG,-310.08,17482.71,True,spur waskom pretoria,STMT003,highveld
1,2026-08-12,CARD PURCHASE CONOCO PROSPECT 7948*7934,-1322.66,16160.05,True,conoco prospect,STMT003,highveld
1,2026-08-12,CHICKEN LICKEN MILFORD 8599*5781,-139.43,16020.62,True,chicken licken milford,STMT003,highveld
1,2026-08-13,POS PURCHASE PIQUA KWIKSPAR,-155.37,15865.25,True,piqua kwikspar,STMT003,highveld
1,2026-08-13,POS PURCHASE TOTALENERGIES 13 AUG,-635.86,15229.39,True,totalenergies,STMT003,highveld
1,2026-08-13,FORT WORTH 7797*5316 13 AUG,-2373.68,12855.71,True,fort worth,STMT003,highveld
1,2026-08-15,STARS CHERRY HILL 1401*2732,-276.23,12579.48,True,stars cherry hill,STMT003,highveld
1,2026-08-15,SHOPRITE MIDDLEBR KNOXVILLE PIN 6151*3234,-207.53,12371.95,True,shoprite middlebr knoxville pin,STMT003,highveld
1,2026-08-15,POS PURCHASE OG USPAYMENTSBILLPA,-1446.05,10925.9,True,og uspaymentsbillpa,STMT003,highveld
1,2026-08-16,CARD PURCHASE MICROSOFT 2597*3847 16 AUG,-145.01,10780.89,True,microsoft,STMT003,highveld
1,2026-08-16,POS PURCHASE DEB CITY MARKET RAILROAD AVE RIFLE 16 AUG,-1271.78,9509.11,True,deb city market railroad ave rifle,STMT003,highveld
2,2026-08-16,SHOPRITE SUPER CENTER STRONGSVILLE 5267*9759 16 AUG,-719.26,8789.85,True,shoprite super center strongsville,STMT003,highveld
2,2026-08-18,CARD PURCHASE PIN PICK PAY SUP DURBAN VUS 9464*5154,-77.44,8712.41,True,pin pick pay sup durban vus,STMT003,highveld
2,2026-08-18,POS PURCHASE TOTALENERGIES WINTER SPRING 2274*8585 18 AUG,-398.68,8313.73,True,totalenergies winter spring,STMT003,highveld
2,2026-08-19,INTL FEE ANT MIGROS ANTALYA TR 4705*8560,-34.46,8279.27,True,intl fee ant migros antalya tr,STMT003,highveld
2,2026-08-20,LUKOIL HIGHLAND CROS RUTHERFORD RANDBURG 7610*1141,-185.71,8093.56,True,lukoil highland cros rutherford randburg,STMT003,highveld
2,2026-08-21,POS PURCHASE FSI CITY POWER LOCAL 21 AUG,-390.27,7703.29,True,fsi city power local,STMT003,highveld
2,2026-08-21,POS PURCHASE ROMANS PIZZA,-354.61,7348.68,True,romans pizza,STMT003,highveld
2,2026-08-22,POS PURCHASE WW INT DIGITAL,-184.99,7163.69,True,ww int digital,STMT003,highveld
2,2026-08-22,POS PURCHASE ENGEN GAS 8535*1374 22 AUG,-427.25,6736.44,True,engen gas,STMT003,highveld
2,2026-08-22,BP MIDRAND 22 AUG,-371.26,6365.18,True,bp midrand,STMT003,highveld
2,2026-08-24,CARD PURCHASE BP,-1001.72,5363.46,True,bp,STMT003,highveld
2,2026-08-24,CARD PURCHASE WOOLWORTHS FOOD 2815*7275,-450.86,4912.6,True,woolworths food,STMT003,highveld
2,2026-08-24,CARD PURCHASE NANDOS COVINGTON,-69.46,4843.14,True,nandos covington,STMT003,highveld
2,2026-08-24,CARD PURCHASE ATM FEE HATFIELD,-96.96,4746.18,True,atm fee hatfield,STMT003,highveld
2,2026-08-25,SALARY ACACIA LOGISTICS,35900.0,40646.18,True,salary acacia logistics,STMT003,highveld
2,2026-08-26,POS PURCHASE RACETRAC CENTURION 26 AUG,-539.78,40106.4,True,racetrac centurion,STMT003,highveld
2,2026-08-27,CARD PURCHASE MUGG BEAN 27 AUG,-170.32,39936.08,True,mugg bean,STMT003,highveld
2,2026-08-28,POS PURCHASE VIRGIN ACTIVE 28 AUG,-296.07,39640.01,True,virgin active,STMT003,highveld
2,2026-08-28,CARD PURCHASE PUBLIX OCOEE BLOEMFONTEIN 2557*7931,-503.19,39136.82,True,publix ocoee bloemfontein,STMT003,highveld
2,2026-08-30,CARD PURCHASE WOOLWORTHS FOOD,-166.01,38970.81,True,woolworths food,STMT003,highveld
2,2026-08-30,POS PURCHASE TJMA AMARILLO,-181.6,38789.21,True,tjma amarillo,STMT003,highveld
2,2026-08-31,ATM FEE,-47.42,38741.79,True,atm fee,STMT003,highveld
2,2026-08-31,MONTHLY ACCOUNT FEE,-65.0,38676.79,True,monthly account fee,STMT003,highveld
2,2026-08-31,POS PURCHASE CHECKERS HYPER FORT OGLETHOR 6546*2972,-199.98,38476.81,True,checkers hyper fort oglethor,STMT003,highveld
1,2026-09-01,DEBIT ORDER CITY POWER SERVICES LLC NEW ORLEANS 01 SEP,-1602.49,19987.01,True,city power services llc new orleans,STMT004,protea
1,2026-09-01,CARD PURCHASE WOOLWORTHS FOOD ROSEBANK 5959*8024,-138.78,19848.23,True,woolworths food rosebank,STMT004,protea
1,2026-09-01,INTERNET PMT TO ESKOM ACCOUNT,-2052.89,17795.34,True,eskom account,STMT004,protea
1,2026-09-02,POS PURCHASE VIDA CAFFE SOWETO 8625*8864 02 SEP,-67.48,17727.86,True,vida caffe soweto,STMT004,protea
1,2026-09-02,POS PURCHASE WOOLWORTHS FOOD 6719*4460 02 SEP,-354.18,17373.68,True,woolworths food,STMT004,protea
1,2026-09-04,INTERNET PMT TO SCHOOL FEES DEPT EDUC 04 SEP,-4646.7,12726.98,True,school fees dept educ,STMT004,protea
1,2026-09-05,DEBIT ORDER GRID RANDBURG,-264.9,12462.08,True,grid randburg,STMT004,protea
1,2026-09-05,POS PURCHASE MONTHLY MAINTENANCE FEE JOHANNESBURG 4236*9652 05 SEP,-117.06,12345.02,True,monthly maintenance fee johannesburg,STMT004,protea
1,2026-09-05,POS PURCHASE CHECKERS SUP DARIEN,-607.25,11737.77,True,checkers sup darien,STMT004,protea
1,2026-09-06,POS PURCHASE ROAD TRAC RO 4843*6875,-154.17,11583.6,True,road trac ro,STMT004,protea
1,2026-09-06,EFT PAYMENT EGOLI GAS,-2449.43,9134.17,True,egoli gas,STMT004,protea
1,2026-09-06,DEBIT ORDER VIRGIN ACTIVE MENLYN 3769*7160,-321.21,8812.96,True,virgin active menlyn,STMT004,protea
1,2026-09-07,CARD PURCHASE TIME PM DATE SPAR ABERDEEN 3609*2008,-927.86,7885.1,True,time pm date spar aberdeen,STMT004,protea
1,2026-09-08,POS PURCHASE SPAR MEMBERSHI 8919*7600,-191.33,7693.77,True,spar membershi,STMT004,protea
1,2026-09-08,POS PURCHASE WENDYS SGT PRENTISS NATCHEZ 7031*7237 08 SEP,-98.31,7595.46,True,wendys sgt prentiss natchez,STMT004,protea
1,2026-09-09,POS PURCHASE FASTLANE HARVARD BLVD SA 6720*3858 09 SEP,-855.95,6739.51,True,fastlane harvard blvd sa,STMT004,protea
1,2026-09-09,BRAUMS STORE,-51.0,6688.51,True,braums store,STMT004,protea
1,2026-09-10,POS PURCHASE CONNECT PRETORIA 2117*9009,-927.4,5761.11,True,connect pretoria,STMT004,protea
1,2026-09-11,POS PURCHASE VIDA CAFFE ROSEBANK 11 SEP,-53.2,5707.91,True,vida caffe rosebank,STMT004,protea
1,2026-09-12,POS PURCHASE AMAZON PRIME TR RY AMZN COM,-94.62,5613.29,True,amazon prime tr ry amzn com,STMT004,protea
1,2026-09-13,POS PURCHASE STARS CHERRY HILL 13 SEP,-130.99,5482.3,True,stars cherry hill,STMT004,protea
1,2026-09-15,POS PURCHASE CHECKERS COM 8774*7403 15 SEP,-1137.11,4345.19,True,checkers com,STMT004,protea
1,2026-09-15,POS PURCHASE WOOLWORTHS FOOD PRETORIA,-317.07,4028.12,True,woolworths food pretoria,STMT004,protea
1,2026-09-16,CARD PURCHASE WOOLWORTHS FOOD WEST PALM BEAFL 6376*3182,-743.74,3284.38,True,woolworths food west palm beafl,STMT004,protea
1,2026-09-19,POS PURCHASE MUGG BEAN,-63.52,3220.86,True,mugg bean,STMT004,protea
1,2026-09-19,POS PURCHASE DANDY MINI MART 1185*9268 19 SEP,-101.53,3119.33,True,dandy mini mart,STMT004,protea
1,2026-09-21,POS PURCHASE ATM FEE PRETORIA,-47.42,3071.91,True,atm fee pretoria,STMT004,protea
1,2026-09-22,POS PURCHASE VIDA CAFFE BOLINGBROOK BLOEMFONTEIN 22 SEP,-153.01,2918.9,True,vida caffe bolingbrook bloemfontein,STMT004,protea
1,2026-09-23,STOCKDALE SHELL BAKERSFIELD 5933*8192,-333.55,2585.35,True,stockdale shell bakersfield,STMT004,protea
1,2026-09-23,POS PURCHASE SHOPRITE BOSSIER CITY 1461*3214 23 SEP,-392.94,2192.41,True,shoprite bossier city,STMT004,protea
1,2026-09-23,POS PURCHASE LLOYD AVE LOMBARD,-84.9,2107.51,True,lloyd ave lombard,STMT004,protea
1,2026-09-24,POS PURCHASE FRISCO 2256*1322,-79.26,2028.25,True,frisco,STMT004,protea
1,2026-09-24,POS PURCHASE PANDA EXPRESS MESQUITE 24 SEP,-111.26,1916.99,True,panda express mesquite,STMT004,protea
1,2026-09-25,SALARY BAOBAB CONSULTING,35200.0,37116.99,True,salary baobab consulting,STMT004,protea
1,2026-09-26,POS PURCHASE VILLAGE MARKET CAPE TOWN 7694*3976,-159.96,36957.03,True,village market cape town,STMT004,protea
1,2026-09-26,TRANSFER TO SAVINGS,-1800.0,35157.03,True,transfer savings,STMT004,protea
2,2026-09-26,POS PURCHASE SHELL 4449*1171 26 SEP,-610.04,34546.99,True,shell,STMT004,protea
2,2026-09-27,POS PURCHASE HIRES FUEL 9793*3718,-254.03,34292.96,True,hires fuel,STMT004,protea
2,2026-09-28,POS PURCHASE BRAUMS STORE,-210.73,34082.23,True,braums store,STMT004,protea
2,2026-09-28,POS PURCHASE WOOLWORTHS SOWETO 2381*1995,-744.74,33337.49,True,woolworths soweto,STMT004,protea
2,2026-09-29,POS PURCHASE PLAYSTATION NETWOR,-636.89,32700.6,True,playstation networ,STMT004,protea
2,2026-09-30,SASOL 3236*9268,-755.84,31944.76,True,sasol,STMT004,protea
2,2026-09-30,CARD PURCHASE CELL AIRTIME SOWETO,-637.85,31306.91,True,cell airtime soweto,STMT004,protea
2,2026-09-30,CARD PURCHASE WOOLWORTHS RANDBURG,-275.13,31031.78,True,woolworths randburg,STMT004,protea
2,2026-09-30,POS PURCHASE SHELL,-1039.2,29992.58,True,shell,STMT004,protea
2,2026-09-30,MONTHLY ACCOUNT FEE,-69.0,29923.58,True,monthly account fee,STMT004,protea
1,2026-06-01,EFT PAYMENT SHENANDOAH CITY TSHWANE RATES PEREZ 7970*4042,-934.43,26304.74,True,shenandoah city tshwane rates perez,STMT005,karoo
1,2026-06-02,MAGTAPE DEBIT FSI CITY POWER LOCAL CAPE TOWN 8371*4810,-188.76,26115.98,True,fsi city power local cape town,STMT005,karoo
1,2026-06-02,MONTHLY MAINTENANCE FEE POLOKWANE,-117.06,25998.92,True,monthly maintenance fee polokwane,STMT005,karoo
1,2026-06-02,DEBIT ORDER EKURHULENI ELECTRICITY 5804*5589 02 JUN,-1422.65,24576.27,True,ekurhuleni electricity,STMT005,karoo
1,2026-06-02,CHECKERS COMPANY RETRY TDC GRAND PRAI GRAND PRAIRIE 2161*8087,-1103.35,23472.92,True,checkers company retry tdc grand prai grand prairie,STMT005,karoo
1,2026-06-04,POS PURCHASE DD DOORDASH SHOPRITE HATFIELD,-406.26,23066.66,True,dd doordash shoprite hatfield,STMT005,karoo
1,2026-06-05,DEBIT ORDER CELL ACCOUNT,-320.33,22746.33,True,cell account,STMT005,karoo
1,2026-06-05,POS PURCHASE APPLE MUSIC,-167.26,22579.07,True,apple music,STMT005,karoo
1,2026-06-06,UNIVERSITY PRETORIA,-2481.33,20097.74,True,university pretoria,STMT005,karoo
1,2026-06-07,AMPATH LAB CONSULTATION 2070*4034 07 JUN,-601.34,19496.4,True,ampath lab consultation,STMT005,karoo
1,2026-06-07,POS PURCHASE ROMANS PIZZA SOWETO,-88.63,19407.77,True,romans pizza soweto,STMT005,karoo
1,2026-06-07,POS PURCHASE MCDONALDS HONOLULU HIUS CENTURION 2509*1352,-194.09,19213.68,True,mcdonalds honolulu hius centurion,STMT005,karoo
1,2026-06-08,POS PURCHASE CASH SHOPRITE JOHANNESBURG 2615*1553 08 JUN,-2588.92,16624.76,True,cash shoprite johannesburg,STMT005,karoo
1,2026-06-08,POS PURCHASE AVA 9784*4962 08 JUN,-288.12,16336.64,True,ava,STMT005,karoo
1,2026-06-08,SQ ONIT COFFEE ARDEN HATFIELD,-158.51,16178.13,True,sq onit coffee arden hatfield,STMT005,karoo
1,2026-06-08,POS PURCHASE ROKU CHANNEL BLOEMFONTEIN 3603*5155,-84.05,16094.08,True,roku channel bloemfontein,STMT005,karoo
1,2026-06-09,CARD PURCHASE TMB OAKLAND HTTPSTMBOOTCACA,-2439.64,13654.44,True,tmb oakland httpstmbootcaca,STMT005,karoo
1,2026-06-09,CARD PURCHASE COURTESY PAY FEE JOHANNESBURG,-284.13,13370.31,True,courtesy pay fee johannesburg,STMT005,karoo
1,2026-06-09,POS PURCHASE SCHOENERSVILLE BETHLEHEM PADATE,-832.24,12538.07,True,schoenersville bethlehem padate,STMT005,karoo
1,2026-06-10,POS PURCHASE SASOL 7645*9047,-247.06,12291.01,True,sasol,STMT005,karoo
1,2026-06-10,POS PURCHASE SUNSHINE CAPE CORAL 10 JUN,-570.47,11720.54,True,sunshine cape coral,STMT005,karoo
1,2026-06-10,CARD PURCHASE SPUR RANDBURG 6689*8281,-177.89,11542.65,True,spur randburg,STMT005,karoo
1,2026-06-10,LOVE DBT CRD CORBINKY 10 JUN,-53.22,11489.43,True,love dbt crd corbinky,STMT005,karoo
1,2026-06-11,CARD PURCHASE WOOLWORTHS FOOD CANTON 3202*1328,-259.37,11230.06,True,woolworths food canton,STMT005,karoo
1,2026-06-11,CARD PURCHASE BMC GEORGIA POWE ELEPAY BMC GEORGIA POWER NORC PRETORIA 11 JUN,-456.75,10773.31,True,bmc georgia powe elepay bmc georgia power norc pretoria,STMT005,karoo
1,2026-06-11,POS PURCHASE AMAZON PRIME TR AMZN COM 8551*7298 11 JUN,-224.9,10548.41,True,amazon prime tr amzn com,STMT005,karoo
1,2026-06-12,SPOTIFY 2385*4609,-153.74,10394.67,True,spotify,STMT005,karoo
1,2026-06-12,POS PURCHASE MEDIRITE PHARMACY MEMBERSHIP 5181*4703 12 JUN,-379.62,10015.05,True,medirite pharmacy membership,STMT005,karoo
1,2026-06-13,CARD PURCHASE DEAR DONUT MAN,-237.36,9777.69,True,dear donut man,STMT005,karoo
1,2026-06-13,CARD PURCHASE TOTALENERGIES 2132*3923,-165.86,9611.83,True,totalenergies,STMT005,karoo
2,2026-06-13,STAR FOOD LOVERS MARKET,-341.4,9270.43,True,star food lovers market,STMT005,karoo
2,2026-06-14,GROVE MARKET PERSEVERANCE AUSTIN,-287.93,8982.5,True,grove market perseverance austin,STMT005,karoo
2,2026-06-14,CARD PURCHASE SHELL ROCHESTER,-372.46,8610.04,True,shell rochester,STMT005,karoo
2,2026-06-14,CARD PURCHASE MUGG BEAN BLOEMFONTEIN,-240.67,8369.37,True,mugg bean bloemfontein,STMT005,karoo
2,2026-06-16,CARD PURCHASE CHECKERS ROSEBANK 2185*2642,-159.96,8209.41,True,checkers rosebank,STMT005,karoo
2,2026-06-16,POS PURCHASE BP JEFF RANDBURG 6822*7268,-574.05,7635.36,True,bp jeff randburg,STMT005,karoo
2,2026-06-17,POS PURCHASE WOOLWORTHS FOOD BLOEMFONTEIN 3278*4420,-1021.17,6614.19,True,woolworths food bloemfontein,STMT005,karoo
2,2026-06-17,POS PURCHASE BP FLORENCE,-905.14,5709.05,True,bp florence,STMT005,karoo
2,2026-06-18,CARD PURCHASE PIZZA HUT,-392.13,5316.92,True,pizza hut,STMT005,karoo
2,2026-06-19,ASTRON ENERGY SANDTON,-1179.54,4137.38,True,astron energy sandton,STMT005,karoo
2,2026-06-19,CARD PURCHASE BRUSTERS ICE CREA CENTURION 9826*9445,-246.13,3891.25,True,brusters ice crea centurion,STMT005,karoo
2,2026-06-20,POS PURCHASE CHECKERS MIDDLEBR KNOXVILLE PIN ROSEBANK 9939*8902,-80.99,3810.26,True,checkers middlebr knoxville pin rosebank,STMT005,karoo
2,2026-06-21,POS PURCHASE ROYAL FARMS OCEAN CITY 6965*8985 21 JUN,-1049.92,2760.34,True,royal farms ocean city,STMT005,karoo
2,2026-06-21,POS PURCHASE APPLE MUSIC,-217.06,2543.28,True,apple music,STMT005,karoo
2,2026-06-21,POS PURCHASE STEAMGAMES COM 21 JUN,-158.33,2384.95,True,steamgames com,STMT005,karoo
2,2026-06-22,POS PURCHASE FUEL TIME CAPE TOWN 22 JUN,-281.0,2103.95,True,fuel time cape town,STMT005,karoo
2,2026-06-22,CARD PURCHASE ATM FEE CENTURION 5150*2889,-47.42,2056.53,True,atm fee centurion,STMT005,karoo
2,2026-06-23,POS PURCHASE CREDITNINJA SANDTON 5324*7297,-714.3,1342.23,True,creditninja sandton,STMT005,karoo
2,2026-06-23,POS PURCHASE CHECKERS 9313*3584 23 JUN,-704.85,637.38,True,checkers,STMT005,karoo
2,2026-06-24,POS PURCHASE WOOLWORTHS FOOD MARION OHUS 24 JUN,-265.3,372.08,True,woolworths food marion ohus,STMT005,karoo
2,2026-06-24,ASTRON ENERGY SERVICE STATIGREEN BAY WIUS 7009*8839 24 JUN,-506.99,-134.91,True,astron energy service statigreen bay wius,STMT005,karoo
2,2026-06-24,CARD PURCHASE PETERSBURG FOOD MARKET,-437.04,-571.95,True,petersburg food market,STMT005,karoo
2,2026-06-24,POS PURCHASE MCDONALDS MELBOURNE 24 JUN,-380.23,-952.18,True,mcdonalds melbourne,STMT005,karoo
2,2026-06-24,POS PURCHASE CHECKERS FLUSHING 9064*4463,-106.08,-1058.26,True,checkers flushing,STMT005,karoo
2,2026-06-25,SALARY ACACIA LOGISTICS,21200.0,20141.74,True,salary acacia logistics,STMT005,karoo
2,2026-06-26,TRANSFER TO SAVINGS,-2700.0,17441.74,True,transfer savings,STMT005,karoo
2,2026-06-28,POS PURCHASE MCDONALDS MIDRAND,-339.59,17102.15,True,mcdonalds midrand,STMT005,karoo
2,2026-06-28,POS PURCHASE FOOD LION FOOD LION VIRGINIABEACH 1450*1513,-481.81,16620.34,True,food lion food lion virginiabeach,STMT005,karoo
2,2026-06-29,SAAB PETROLEUM 9577*4352 29 JUN,-97.46,16522.88,True,saab petroleum,STMT005,karoo
2,2026-06-29,POS PURCHASE CHECKERS,-1206.39,15316.49,True,checkers,STMT005,karoo
2,2026-06-30,POS PURCHASE CONOCO QUICK SHOP,-206.07,15110.42,True,conoco quick shop,STMT005,karoo
2,2026-06-30,POS PURCHASE MICROSOFT DURBAN,-144.12,14966.3,True,microsoft durban,STMT005,karoo
2,2026-06-30,MONTHLY ACCOUNT FEE,-65.0,14901.3,True,monthly account fee,STMT005,karoo
2,2026-06-30,CARD PURCHASE CHECKERS COM 5218*8457,-329.63,14571.67,True,checkers com,STMT005,karoo
1,2026-04-02,DEBIT ORDER SCHOOL FEES DEPT EDUC MENLYN 7513*1696,-1003.22,14833.75,True,school fees dept educ menlyn,STMT006,highveld
1,2026-04-03,POS PURCHASE SASOL LENEXA KSUS REF POLOKWANE,-207.31,14626.44,True,sasol lenexa ksus ref polokwane,STMT006,highveld
1,2026-04-03,POS PURCHASE PUBLIX SNELLVILLE PRETORIA 03 APR,-170.48,14455.96,True,publix snellville pretoria,STMT006,highveld
1,2026-04-04,CHECKERS PROSPER CAPE TOWN,-673.38,13782.58,True,checkers prosper cape town,STMT006,highveld
1,2026-04-05,EFT PAYMENT VIRGIN ACTIVE SCRIPT ROSEBANK,-764.51,13018.07,True,virgin active script rosebank,STMT006,highveld
1,2026-04-06,POS PURCHASE TOTALENERGIES HUNTINGDO JOHANNESBURG 06 APR,-1278.57,11739.5,True,totalenergies huntingdo johannesburg,STMT006,highveld
1,2026-04-06,MAGTAPE DEBIT DIRECT EKURHULENI ELECTRICITY JACQUAYLA HARRIS,-485.28,11254.22,True,direct ekurhuleni electricity jacquayla harris,STMT006,highveld
1,2026-04-08,CARD PURCHASE BP 5069*1049,-317.37,10936.85,True,bp,STMT006,highveld
1,2026-04-08,POS PURCHASE TWITCH INTERACTIVE CAUS,-53.59,10883.26,True,twitch interactive caus,STMT006,highveld
1,2026-04-08,KRISPY KREME,-40.6,10842.66,True,krispy kreme,STMT006,highveld
1,2026-04-08,POS PURCHASE FOREIGN EXCHANGE RATE ADJUSTMENT FEE ZETTLE,-54.15,10788.51,True,foreign exchange rate adjustment fee zettle,STMT006,highveld
1,2026-04-08,POS PURCHASE CHECKERS PRETORIA 4079*3382,-462.25,10326.26,True,checkers pretoria,STMT006,highveld
1,2026-04-09,POS PURCHASE GULF GROSVENORDA NORTH GROSVEN,-1150.13,9176.13,True,gulf grosvenorda north grosven,STMT006,highveld
1,2026-04-09,CARD PURCHASE VIRGIN ACTIVE CONSULTATION 5621*3574,-83.86,9092.27,True,virgin active consultation,STMT006,highveld
1,2026-04-10,POS PURCHASE MONTESSORI PRE SCHOOL,-979.08,8113.19,True,montessori pre school,STMT006,highveld
1,2026-04-13,POS PURCHASE WOOLWORTHS FOOD,-263.55,7849.64,True,woolworths food,STMT006,highveld
1,2026-04-13,POS PURCHASE CHECKERS OUTLET,-721.26,7128.38,True,checkers outlet,STMT006,highveld
1,2026-04-14,POS PURCHASE MONTESSORI PRE SCHOOL REGISTRATION 5109*5107,-759.03,6369.35,True,montessori pre school registration,STMT006,highveld
1,2026-04-14,POS PURCHASE KWIK 1560*3915,-113.49,6255.86,True,kwik,STMT006,highveld
1,2026-04-16,NETWORK ATM FEE HUBBELL AVE MOINES JOHANNESBURG 3021*8279,-96.96,6158.9,True,network atm fee hubbell ave moines johannesburg,STMT006,highveld
1,2026-04-16,POS PURCHASE ASTRON ENERGY GAS HATFIELD 8768*2930,-352.11,5806.79,True,astron energy gas hatfield,STMT006,highveld
1,2026-04-17,CARD PURCHASE CELL PREPAID 17 APR,-395.46,5411.33,True,cell prepaid,STMT006,highveld
1,2026-04-18,CARD PURCHASE MCDONALDS MESA CENTURION 4506*8297,-324.69,5086.64,True,mcdonalds mesa centurion,STMT006,highveld
1,2026-04-18,CARD PURCHASE SEATTLE COFFEE 18 APR,-37.2,5049.44,True,seattle coffee,STMT006,highveld
1,2026-04-19,POS PURCHASE NANDOS MIDRAND 8113*6567 19 APR,-291.2,4758.24,True,nandos midrand,STMT006,highveld
1,2026-04-20,CARD PURCHASE WOOLWORTHS RANDBURG 9835*1929,-767.43,3990.81,True,woolworths randburg,STMT006,highveld
1,2026-04-20,TOTALENERGIES 1935*9314,-383.23,3607.58,True,totalenergies,STMT006,highveld
1,2026-04-21,POS PURCHASE FAMILY 1457*2037,-584.05,3023.53,True,family,STMT006,highveld
1,2026-04-22,CARD PURCHASE SCOOTER COFFEE 22 APR,-210.91,2812.62,True,scooter coffee,STMT006,highveld
1,2026-04-23,FSI EKURHULENI ELECTRICITY LOCAL 3543*1538,-275.59,2537.03,True,fsi ekurhuleni electricity local,STMT006,highveld
1,2026-04-23,BP CSI CSI BONNEY LAKE SANDTON 5735*8440,-142.83,2394.2,True,bp csi csi bonney lake sandton,STMT006,highveld
2,2026-04-25,SALARY BLUE CRANE SYSTEMS,20300.0,22694.2,True,salary blue crane systems,STMT006,highveld
2,2026-04-25,ST MARKET FLINT 5777*5442,-97.85,22596.35,True,st market flint,STMT006,highveld
2,2026-04-26,POS PURCHASE TOTALENERGIES TUSCALOOSA POLOKWANE 7047*2445,-1211.67,21384.68,True,totalenergies tuscaloosa polokwane,STMT006,highveld
2,2026-04-26,POS PURCHASE CHICKEN LICKEN CREDIT,-85.53,21299.15,True,chicken licken credit,STMT006,highveld
2,2026-04-27,SPUR PORT RICHEY 27 APR,-314.78,20984.37,True,spur port richey,STMT006,highveld
2,2026-04-27,POS PURCHASE COURTESY PAY FEE 2203*4879 27 APR,-284.13,20700.24,True,courtesy pay fee,STMT006,highveld
2,2026-04-28,CARD PURCHASE MCDONALDS HEWITT 2149*4758 28 APR,-168.54,20531.7,True,mcdonalds hewitt,STMT006,highveld
2,2026-04-29,POS PURCHASE PIZZA HUT JOHANNESBURG 4902*7210 29 APR,-294.57,20237.13,True,pizza hut johannesburg,STMT006,highveld
2,2026-04-29,CARD PURCHASE RALPHS SANTA 8152*6262 29 APR,-90.63,20146.5,True,ralphs santa,STMT006,highveld
2,2026-04-29,CARD PURCHASE WITHDRWL PHILLIPS FOO JOHANNESBURG FEE,-176.03,19970.47,True,withdrwl phillips foo johannesburg fee,STMT006,highveld
2,2026-04-30,MONTHLY ACCOUNT FEE,-75.0,19895.47,True,monthly account fee,STMT006,highveld
2,2026-04-30,CARD PURCHASE VSA PUR ASTRON ENERGY INDIANA 5788*1851 30 APR,-519.5,19375.97,True,vsa pur astron energy indiana,STMT006,highveld
2,2026-04-30,POS PURCHASE ENGEN SANDTON 9420*7123,-851.0,18524.97,True,engen sandton,STMT006,highveld
1,2026-06-01,CARD PURCHASE STEAMGAMES COM MIDRAND 7295*3277,-172.18,22022.46,True,steamgames com midrand,STMT007,protea
1,2026-06-02,HARDEES MONTGOMERY 6655*6786,-95.95,21926.51,True,hardees montgomery,STMT007,protea
1,2026-06-02,INTERNET PMT TO MEDIRITE PHARMACY,-1954.27,19972.24,True,medirite pharmacy,STMT007,protea
1,2026-06-03,MAGTAPE DEBIT AMPATH LAB SOWETO 2563*2668,-1035.09,18937.15,True,ampath lab soweto,STMT007,protea
1,2026-06-03,POS PURCHASE AMPATH LAB SCRIPT,-109.11,18828.04,True,ampath lab script,STMT007,protea
1,2026-06-04,MAGTAPE DEBIT ESKOM,-289.09,18538.95,True,eskom,STMT007,protea
1,2026-06-04,SASOL 4953*8384 04 JUN,-744.82,17794.13,True,sasol,STMT007,protea
1,2026-06-05,CARD PURCHASE ALBERTSONS SANDTON 7907*7496 05 JUN,-3162.45,14631.68,True,albertsons sandton,STMT007,protea
1,2026-06-06,POS PURCHASE ENGEN ANDERSON MIDRAND 7760*4218,-201.0,14430.68,True,engen anderson midrand,STMT007,protea
1,2026-06-06,CARD PURCHASE BIG BOY DELHI RANDBURG 4289*2177,-123.3,14307.38,True,big boy delhi randburg,STMT007,protea
1,2026-06-07,CARD PURCHASE MUGG BEAN CANTON DURBAN 7470*3168,-62.94,14244.44,True,mugg bean canton durban,STMT007,protea
1,2026-06-09,CHECKERS HYPER SUP 5612*5301,-375.48,13868.96,True,checkers hyper sup,STMT007,protea
1,2026-06-10,CARD PURCHASE WOOLWORTHS,-664.89,13204.07,True,woolworths,STMT007,protea
1,2026-06-10,POS PURCHASE DDA INGLES GAS EXP LIBERTY PRETORIA,-1535.19,11668.88,True,dda ingles gas exp liberty pretoria,STMT007,protea
1,2026-06-12,POS PURCHASE PICK PAY,-1636.73,10032.15,True,pick pay,STMT007,protea
1,2026-06-12,POS PURCHASE PUBLIX SNELLVILLE,-93.13,9939.02,True,publix snellville,STMT007,protea
1,2026-06-13,POS PURCHASE GIFT SHOP GASTONIA HATFIELD 4079*9679 13 JUN,-154.62,9784.4,True,gift shop gastonia hatfield,STMT007,protea
1,2026-06-13,CARD PURCHASE BP TYRON TYRONE MENLYN,-270.43,9513.97,True,bp tyron tyrone menlyn,STMT007,protea
1,2026-06-14,POS PURCHASE CHECKERS FLAGSTAFF,-278.17,9235.8,True,checkers flagstaff,STMT007,protea
1,2026-06-15,STOP SHOP 7454*1542,-155.73,9080.07,True,stop shop,STMT007,protea
1,2026-06-15,CARD PURCHASE CHICKEN LICKEN GRANITEVILLE,-75.53,9004.54,True,chicken licken graniteville,STMT007,protea
1,2026-06-16,POS PURCHASE PIN PICK PAY SUP SANDTON VUS,-503.19,8501.35,True,pin pick pay sup sandton vus,STMT007,protea
1,2026-06-16,POS PURCHASE PUBLIX SNELLVILLE 16 JUN,-98.75,8402.6,True,publix snellville,STMT007,protea
1,2026-06-19,KFC SPRING HILL,-201.79,8200.81,True,kfc spring hill,STMT007,protea
1,2026-06-19,MONTHLY MAINTENANCE FEE 1534*8506,-184.99,8015.82,True,monthly maintenance fee,STMT007,protea
1,2026-06-19,CARD PURCHASE MONTHLY MAINTENANCE FEE 3011*2756 19 JUN,-117.06,7898.76,True,monthly maintenance fee,STMT007,protea
1,2026-06-19,MICROSOFT SUBSCRIPTION DURBAN 7640*8515 19 JUN,-236.22,7662.54,True,microsoft subscription durban,STMT007,protea
1,2026-06-20,MCDONALDS DURBAN 7415*3026,-457.66,7204.88,True,mcdonalds durban,STMT007,protea
1,2026-06-21,POS PURCHASE MONTHLY MAINTENANCE FEE 3030*8307 21 JUN,-138.88,7066.0,True,monthly maintenance fee,STMT007,protea
1,2026-06-21,POS PURCHASE DRESS DRESS LE MERRIAM CKCD,-155.51,6910.49,True,dress dress le merriam ckcd,STMT007,protea
1,2026-06-22,POS PURCHASE DDA CHECKERS HYPER SUP CENTRAL 6380*9831,-2946.34,3964.15,True,dda checkers hyper sup central,STMT007,protea
1,2026-06-22,VILLAGE MARKET 8398*1965,-169.36,3794.79,True,village market,STMT007,protea
1,2026-06-22,CARD PURCHASE SPUR ATLANTAGA 9106*3123,-120.05,3674.74,True,spur atlantaga,STMT007,protea
1,2026-06-22,POS PURCHASE SHELL OUTSIDE RANDBURG 22 JUN,-437.57,3237.17,True,shell outside randburg,STMT007,protea
1,2026-06-22,POS PURCHASE SPAR SUPER CE MILTON,-1155.48,2081.69,True,spar super ce milton,STMT007,protea
1,2026-06-23,POS PURCHASE BRAUMS STORE SHERMAN HATFIELD 6225*5294,-43.39,2038.3,True,braums store sherman hatfield,STMT007,protea
1,2026-06-24,POS PURCHASE ATM FEE 4045*7722,-47.42,1990.88,True,atm fee,STMT007,protea
2,2026-06-25,POS PURCHASE SASOL 3235*3774 25 JUN,-317.37,1673.51,True,sasol,STMT007,protea
2,2026-06-25,ROMANS PIZZA PORTE,-91.15,1582.36,True,romans pizza porte,STMT007,protea
2,2026-06-25,SALARY MOTSWEDI HOLDINGS,24600.0,26182.36,True,salary motswedi holdings,STMT007,protea
2,2026-06-26,TRANSFER TO SAVINGS,-800.0,25382.36,True,transfer savings,STMT007,protea
2,2026-06-27,POS PURCHASE FEE INSTANT ISSUE FEE 9077*5669,-162.62,25219.74,True,fee instant issue fee,STMT007,protea
2,2026-06-28,WOOLWORTHS FOOD ROSEBANK 6391*4825,-510.34,24709.4,True,woolworths food rosebank,STMT007,protea
2,2026-06-28,MONTHLY MAINTENANCE FEE MENLYN 3694*7098,-117.06,24592.34,True,monthly maintenance fee menlyn,STMT007,protea
2,2026-06-30,POS PURCHASE NORTHSIDE MARKET 30 JUN,-175.43,24416.91,True,northside market,STMT007,protea
2,2026-06-30,MONTHLY ACCOUNT FEE,-75.0,24341.91,True,monthly account fee,STMT007,protea
1,2026-07-01,STEERS TON RANDBURG,-71.45,14327.91,True,steers ton randburg,STMT008,karoo
1,2026-07-03,DEBIT ORDER EGOLI GAS BLOEMFONTEIN 6283*1005,-418.0,13909.91,True,egoli gas bloemfontein,STMT008,karoo
1,2026-07-03,SEATTLE COFFEE PUTMAN DATE,-77.11,13832.8,True,seattle coffee putman date,STMT008,karoo
1,2026-07-03,POS PURCHASE VIDA CAFFE 5750*8444,-55.61,13777.19,True,vida caffe,STMT008,karoo
1,2026-07-04,CARD PURCHASE STASH SUBSCRIPTION JOHANNESBURG NYUS 04 JUL,-46.62,13730.57,True,stash subscription johannesburg nyus,STMT008,karoo
1,2026-07-05,POS PURCHASE STARS CHERRY HILL 4423*1641,-276.23,13454.34,True,stars cherry hill,STMT008,karoo
1,2026-07-05,EFT PAYMENT SCHOOL FEES DEPT EDUC 9447*4957,-3599.29,9855.05,True,school fees dept educ,STMT008,karoo
1,2026-07-05,MAGTAPE DEBIT SCHOOL FEES DEPT EDUC DURBAN,-1725.75,8129.3,True,school fees dept educ durban,STMT008,karoo
1,2026-07-06,EFT PAYMENT VIRGIN ACTIVE DURBAN,-320.12,7809.18,True,virgin active durban,STMT008,karoo
1,2026-07-08,POS PURCHASE CHECKERS SOWETO,-664.89,7144.29,True,checkers soweto,STMT008,karoo
1,2026-07-09,POS PURCHASE CHECKERS 09 JUL,-719.47,6424.82,True,checkers,STMT008,karoo
1,2026-07-10,POS PURCHASE SEATTLE COFFEE,-130.99,6293.83,True,seattle coffee,STMT008,karoo
1,2026-07-11,CARD PURCHASE MLGW POLOKWANE 9712*9658,-332.62,5961.21,True,mlgw polokwane,STMT008,karoo
1,2026-07-11,SPAR,-530.84,5430.37,True,spar,STMT008,karoo
1,2026-07-11,POS PURCHASE STEAMGAMES COM,-146.73,5283.64,True,steamgames com,STMT008,karoo
1,2026-07-12,POS PURCHASE INTL FEE STARBUCKSKOREA SEOUL KR,-20.38,5263.26,True,intl fee starbuckskorea seoul kr,STMT008,karoo
1,2026-07-12,POS PURCHASE RALPHS REDONDO BEACH HAO POLOKWANE 1639*9878 12 JUL,-1302.44,3960.82,True,ralphs redondo beach hao polokwane,STMT008,karoo
1,2026-07-12,POS PURCHASE SHELL 5722*8798,-143.97,3816.85,True,shell,STMT008,karoo
1,2026-07-13,CARD PURCHASE STEERS BIG SPRING 2510*5208 13 JUL,-94.2,3722.65,True,steers big spring,STMT008,karoo
1,2026-07-14,POS PURCHASE MICROSOFT 14 JUL,-127.96,3594.69,True,microsoft,STMT008,karoo
1,2026-07-14,MCDONALDS PORTE MIDRAND 4796*2381 14 JUL,-142.87,3451.82,True,mcdonalds porte midrand,STMT008,karoo
1,2026-07-17,WOOLWORTHS FOOD COM 6489*9818,-367.17,3084.65,True,woolworths food com,STMT008,karoo
1,2026-07-17,POS PURCHASE ESKOM DATA BUNDLE 2939*6129 17 JUL,-369.08,2715.57,True,eskom data bundle,STMT008,karoo
1,2026-07-19,POS PURCHASE DOLLARTREE OAK PARK 1463*4680 19 JUL,-178.32,2537.25,True,dollartree oak park,STMT008,karoo
1,2026-07-19,CARD PURCHASE BOXER SUP MONTGOMERY 19 JUL,-784.19,1753.06,True,boxer sup montgomery,STMT008,karoo
1,2026-07-22,WIMPY GRAND BLANC MIDRAND 8450*2522 22 JUL,-25.9,1727.16,True,wimpy grand blanc midrand,STMT008,karoo
1,2026-07-23,TOTALENERGIES CENTURION 5928*5781,-229.68,1497.48,True,totalenergies centurion,STMT008,karoo
1,2026-07-25,POS PURCHASE SASOL SERVICE STAT 4668*1244,-427.25,1070.23,True,sasol service stat,STMT008,karoo
1,2026-07-25,SALARY IMPALA RETAIL GROUP,26900.0,27970.23,True,salary impala retail group,STMT008,karoo
1,2026-07-25,CARD PURCHASE WOOLWORTHS FOOD,-1571.11,26399.12,True,woolworths food,STMT008,karoo
1,2026-07-25,BURGER KING 9575*7173,-67.41,26331.71,True,burger king,STMT008,karoo
1,2026-07-26,TRANSFER TO SAVINGS,-2400.0,23931.71,True,transfer savings,STMT008,karoo
1,2026-07-26,POS PURCHASE VIRGIN ACTIVE SCRIPT 4147*3253 26 JUL,-2670.57,21261.14,True,virgin active script,STMT008,karoo
1,2026-07-26,RALPHS CANYON RIVERSIDE,-381.41,20879.73,True,ralphs canyon riverside,STMT008,karoo
1,2026-07-27,CARD PURCHASE GIANT FUEL 27 JUL,-1108.12,19771.61,True,giant fuel,STMT008,karoo
2,2026-07-27,PAPER STMT FEE JOHANNESBURG,-110.88,19660.73,True,paper stmt fee johannesburg,STMT008,karoo
2,2026-07-29,MONTESSORI PRE SCHOOL REGISTRATION MIDRAND 29 JUL,-4634.56,15026.17,True,montessori pre school registration midrand,STMT008,karoo
2,2026-07-30,POS PURCHASE ORTHODONTIC ASSOCIATES SHELBY,-1372.96,13653.21,True,orthodontic associates shelby,STMT008,karoo
2,2026-07-30,POS PURCHASE BILLPAY DEERFIELDBEACH,-743.82,12909.39,True,billpay deerfieldbeach,STMT008,karoo
2,2026-07-30,POS PURCHASE GOLDEN GATE PETR MONTROSE 9259*7406,-293.62,12615.77,True,golden gate petr montrose,STMT008,karoo
2,2026-07-31,POS PURCHASE KFC FORT WORTH 3367*9750,-222.61,12393.16,True,kfc fort worth,STMT008,karoo
2,2026-07-31,POS PURCHASE OVERDRAFT FEE POSTED CAPITAL AUTO DIRECTPAY 4052*5988,-396.56,11996.6,True,overdraft fee posted capital auto directpay,STMT008,karoo
2,2026-07-31,POS PURCHASE MONTHLY MAINTENANCE FEE 8491*7685 31 JUL,-117.06,11879.54,True,monthly maintenance fee,STMT008,karoo
2,2026-07-31,POS PURCHASE GRID MENLYN 4688*5640,-219.84,11659.7,True,grid menlyn,STMT008,karoo
2,2026-07-31,MONTHLY ACCOUNT FEE,-75.0,11584.7,True,monthly account fee,STMT008,karoo
1,2026-04-01,EFT PAYMENT MONTESSORI PRE SCHOOL TUITION 01 APR,-962.45,17169.29,True,montessori pre school tuition,STMT009,highveld
1,2026-04-01,CARD PURCHASE COURTESY PAY FEE,-284.13,16885.16,True,courtesy pay fee,STMT009,highveld
1,2026-04-02,DEBIT ORDER MEDIRITE PHARMACY SANDTON 6066*2801,-871.04,16014.12,True,medirite pharmacy sandton,STMT009,highveld
1,2026-04-02,POS PURCHASE EVERYDAY STOP RANDBURG 6586*6430 02 APR,-100.22,15913.9,True,everyday stop randburg,STMT009,highveld
1,2026-04-03,POS PURCHASE CHECKERS SANDTON,-1350.3,14563.6,True,checkers sandton,STMT009,highveld
1,2026-04-03,MAGTAPE DEBIT MEDIRITE PHARMACY SCRIPT SOWETO 03 APR,-448.93,14114.67,True,medirite pharmacy script soweto,STMT009,highveld
1,2026-04-03,CARD PURCHASE POSHMARK CENTURION,-489.1,13625.57,True,poshmark centurion,STMT009,highveld
1,2026-04-03,NORTHSIDE MARKET,-574.65,13050.92,True,northside market,STMT009,highveld
1,2026-04-04,CARD PURCHASE TRADER JOE TRADE LOS ES JOHANNESBURG,-401.69,12649.23,True,trader joe trade los es johannesburg,STMT009,highveld
1,2026-04-04,INTERNET PMT TO VIRGIN ACTIVE CONTRIBUTION POLOKWANE 5558*4196,-63.49,12585.74,True,virgin active contribution polokwane,STMT009,highveld
1,2026-04-06,EFT PAYMENT AMPATH LAB PRETORIA 2159*3515,-175.06,12410.68,True,ampath lab pretoria,STMT009,highveld
1,2026-04-06,POS PURCHASE WITHDRWL PHILLIPS FOO MIDRAND FEE,-176.03,12234.65,True,withdrwl phillips foo midrand fee,STMT009,highveld
1,2026-04-06,POS PURCHASE WENDYS HEMPSTEAD PRETORIA 5880*3579 06 APR,-247.68,11986.97,True,wendys hempstead pretoria,STMT009,highveld
1,2026-04-06,POS PURCHASE SPAR WEST PLAINS 6175*5093,-46.17,11940.8,True,spar west plains,STMT009,highveld
1,2026-04-06,CHECKERS COM MENLYN 6307*6567,-1183.92,10756.88,True,checkers com menlyn,STMT009,highveld
1,2026-04-07,CHECKERS COM 07 APR,-981.95,9774.93,True,checkers com,STMT009,highveld
1,2026-04-07,CARD PURCHASE DEBONAIRS PIZZA AMARILLO 5874*5696 07 APR,-32.22,9742.71,True,debonairs pizza amarillo,STMT009,highveld
1,2026-04-10,CHECKERS HYPER SUPER CE MILTON JOHANNESBURG 10 APR,-1006.92,8735.79,True,checkers hyper super ce milton johannesburg,STMT009,highveld
1,2026-04-10,MURPHY ATWALMART BOAZ 8207*9575,-427.25,8308.54,True,murphy atwalmart boaz,STMT009,highveld
1,2026-04-10,CARD PURCHASE MARKET COUNTYPANAMA CITY,-268.53,8040.01,True,market countypanama city,STMT009,highveld
1,2026-04-10,POS PURCHASE MR FOOD WENDYS POLOKWANE 4719*1123 10 APR,-344.63,7695.38,True,mr food wendys polokwane,STMT009,highveld
1,2026-04-11,CARD PURCHASE SEATTLE COFFEE STORE ORLANDO CENTURION 7882*8291,-99.38,7596.0,True,seattle coffee store orlando centurion,STMT009,highveld
1,2026-04-13,POS PURCHASE PRIZEPICKS,-130.99,7465.01,True,prizepicks,STMT009,highveld
1,2026-04-13,CARD PURCHASE CHK PURCH SIG TOTALENERGIES JACKSON 13 APR,-1140.58,6324.43,True,chk purch sig totalenergies jackson,STMT009,highveld
1,2026-04-14,POS PURCHASE TIME PM DATE CHECKERS SUPER CELEXINGTON 14 APR,-577.92,5746.51,True,time pm date checkers super celexington,STMT009,highveld
1,2026-04-15,CARD PURCHASE BUC EE ROBERTSDALE 15 APR,-425.71,5320.8,True,buc ee robertsdale,STMT009,highveld
1,2026-04-16,CARD PURCHASE CONOCO,-707.06,4613.74,True,conoco,STMT009,highveld
1,2026-04-16,POS PURCHASE PUBLIX SUPER GEO CONYERS PIN CENTURION 9520*8735,-602.63,4011.11,True,publix super geo conyers pin centurion,STMT009,highveld
1,2026-04-16,CARD PURCHASE WAL SPAR SUPER RANDBURG,-1059.53,2951.58,True,wal spar super randburg,STMT009,highveld
2,2026-04-17,CARD PURCHASE RALPHS CANYON RIVERSIDE CAPE TOWN 7943*4236 17 APR,-355.17,2596.41,True,ralphs canyon riverside cape town,STMT009,highveld
2,2026-04-17,POS PURCHASE PLAYSTATION NETWOR CENTURION 1826*9887 17 APR,-172.18,2424.23,True,playstation networ centurion,STMT009,highveld
2,2026-04-19,FRIENDLY GROCER HARDEEVILLE PIN SOWETO,-515.93,1908.3,True,friendly grocer hardeeville pin soweto,STMT009,highveld
2,2026-04-20,POS PURCHASE PUBLIX SNELLVILLE BLOEMFONTEIN 7325*7567,-93.13,1815.17,True,publix snellville bloemfontein,STMT009,highveld
2,2026-04-23,POS PURCHASE PICK PAY SUPER PEKIN 5337*7401 23 APR,-1917.77,-102.6,True,pick pay super pekin,STMT009,highveld
2,2026-04-24,POSHMARK,-295.44,-398.04,True,poshmark,STMT009,highveld
2,2026-04-25,SALARY SUNVELD ENGINEERING,33000.0,32601.96,True,salary sunveld engineering,STMT009,highveld
2,2026-04-26,TRANSFER TO SAVINGS,-600.0,32001.96,True,transfer savings,STMT009,highveld
2,2026-04-26,POS PURCHASE PIZZA HUT 26 APR,-82.81,31919.15,True,pizza hut,STMT009,highveld
2,2026-04-27,PIQUA SPAR EXPRESS,-498.94,31420.21,True,piqua spar express,STMT009,highveld
2,2026-04-28,CHECKERS COM,-277.51,31142.7,True,checkers com,STMT009,highveld
2,2026-04-30,POS PURCHASE NSF PAID ITEM FEE 30 APR,-345.88,30796.82,True,nsf paid item fee,STMT009,highveld
2,2026-04-30,POS PURCHASE WOOLWORTHS COM 7553*5174,-254.03,30542.79,True,woolworths com,STMT009,highveld
2,2026-04-30,ATM FEE MIDRAND 4297*5003,-47.42,30495.37,True,atm fee midrand,STMT009,highveld
2,2026-04-30,MONTHLY ACCOUNT FEE,-65.0,30430.37,True,monthly account fee,STMT009,highveld
2,2026-04-30,CARD PURCHASE GRID 30 APR,-153.71,30276.66,True,grid,STMT009,highveld
1,2026-04-01,DEBIT ORDER ALABAMAPOWERRW,-2425.57,19968.29,True,alabamapowerrw,STMT010,protea
1,2026-04-01,CARD PURCHASE AMPATH LAB ROSEBANK 7807*3160,-1331.69,18636.6,True,ampath lab rosebank,STMT010,protea
1,2026-04-02,POS PURCHASE ASTRON ENERGY GURU LOMBARD ST PORTLAND ORUS BLOEMFONTEIN 02 APR,-1510.13,17126.47,True,astron energy guru lombard st portland orus bloemfontein,STMT010,protea
1,2026-04-03,POS PURCHASE MESA,-165.87,16960.6,True,mesa,STMT010,protea
1,2026-04-03,DEBIT ORDER MEDIRITE PHARMACY MEMBERSHIP 7555*9090,-57.74,16902.86,True,medirite pharmacy membership,STMT010,protea
1,2026-04-04,POS PURCHASE CHK PURCH SIG SASOL BUDDYS JACKSON 9526*3935,-779.83,16123.03,True,chk purch sig sasol buddys jackson,STMT010,protea
1,2026-04-05,POS PURCHASE ASTRON ENERGY 9996*3829,-832.24,15290.79,True,astron energy,STMT010,protea
1,2026-04-07,INTERNET PMT TO CITY TSHWANE ELECTRICITY CENTURION,-2508.05,12782.74,True,city tshwane electricity centurion,STMT010,protea
1,2026-04-08,POS PURCHASE NANDOS 2772*3764,-25.9,12756.84,True,nandos,STMT010,protea
1,2026-04-08,CARD PURCHASE WAL SHOPRITE SUPER CAPE TOWN 08 APR,-829.49,11927.35,True,wal shoprite super cape town,STMT010,protea
1,2026-04-08,FOOD LION DURHAM 08 APR,-90.5,11836.85,True,food lion durham,STMT010,protea
1,2026-04-09,ACME PHILADELPHIA PADATE 1382*5162,-530.19,11306.66,True,acme philadelphia padate,STMT010,protea
1,2026-04-10,POS PURCHASE SAVE LOT 4759*4369 10 APR,-404.96,10901.7,True,save lot,STMT010,protea
1,2026-04-11,POS PURCHASE ENGEN 4745*5958 11 APR,-235.67,10666.03,True,engen,STMT010,protea
1,2026-04-11,POS PURCHASE CHK PURCH PIN STEERS JACKSON RANDBURG,-161.14,10504.89,True,chk purch pin steers jackson randburg,STMT010,protea
1,2026-04-11,CARD PURCHASE SHOPRITE PROSPER 8414*7024,-207.53,10297.36,True,shoprite prosper,STMT010,protea
1,2026-04-11,SHELL SPRINGFIELD,-477.26,9820.1,True,shell springfield,STMT010,protea
1,2026-04-12,CARD PURCHASE KRISPY KREME SOWETO,-43.14,9776.96,True,krispy kreme soweto,STMT010,protea
1,2026-04-12,CHICKEN LICKEN CREDIT JOHANNESBURG 1545*5889,-250.88,9526.08,True,chicken licken credit johannesburg,STMT010,protea
1,2026-04-13,PIN GIANT EPHRATA 9042*7811,-1014.63,8511.45,True,pin giant ephrata,STMT010,protea
1,2026-04-16,CARD PURCHASE ATM FEE 6057*7337,-96.96,8414.49,True,atm fee,STMT010,protea
1,2026-04-16,WOOLWORTHS FOOD BLOEMFONTEIN,-754.74,7659.75,True,woolworths food bloemfontein,STMT010,protea
1,2026-04-17,CARD PURCHASE FOOD LION FAYETTEVILLE 17 APR,-244.55,7415.2,True,food lion fayetteville,STMT010,protea
1,2026-04-17,POS PURCHASE MICROSOFT MICROSOF MSBILL INFO,-172.18,7243.02,True,microsoft microsof msbill info,STMT010,protea
1,2026-04-18,CARD PURCHASE TOTALENERGIES JEFF JEFFE SOWETO 7461*5238 18 APR,-309.88,6933.14,True,totalenergies jeff jeffe soweto,STMT010,protea
1,2026-04-19,POS PURCHASE COURTESY PAY FEE 8820*1891 19 APR,-284.13,6649.01,True,courtesy pay fee,STMT010,protea
1,2026-04-19,POS PURCHASE DEL TACO LAKEWOOD MIDRAND,-93.05,6555.96,True,del taco lakewood midrand,STMT010,protea
1,2026-04-22,RAINBOW,-192.05,6363.91,True,rainbow,STMT010,protea
1,2026-04-23,POS PURCHASE MICRO ELECTRONIC DULUTH,-61.09,6302.82,True,micro electronic duluth,STMT010,protea
1,2026-04-23,HARRIS TEETER FU WAT NEW BERN 5785*1299,-795.13,5507.69,True,harris teeter fu wat new bern,STMT010,protea
1,2026-04-24,POS PURCHASE WOOLWORTHS FOOD PATRI DURBAN 9362*9342,-320.53,5187.16,True,woolworths food patri durban,STMT010,protea
1,2026-04-24,POS PURCHASE CHECKERS POLOKWANE 8710*7766,-309.56,4877.6,True,checkers polokwane,STMT010,protea
1,2026-04-24,POS PURCHASE WOOLWORTHS COM,-237.03,4640.57,True,woolworths com,STMT010,protea
1,2026-04-25,CARD PURCHASE PICK PAY MIDDLEBR KNOXVILLE PIN 25 APR,-218.86,4421.71,True,pick pay middlebr knoxville pin,STMT010,protea
1,2026-04-25,SALARY MOTSWEDI HOLDINGS,44700.0,49121.71,True,salary motswedi holdings,STMT010,protea
2,2026-04-26,POS PURCHASE STOP SHOP MIDRAND,-1547.21,47574.5,True,stop shop midrand,STMT010,protea
2,2026-04-26,TRANSFER TO SAVINGS,-1600.0,45974.5,True,transfer savings,STMT010,protea
2,2026-04-27,SHELL 9300*9083,-1240.02,44734.48,True,shell,STMT010,protea
2,2026-04-27,CARD PURCHASE LAVEEN 7346*6318,-441.31,44293.17,True,laveen,STMT010,protea
2,2026-04-29,CHICKEN LICKEN FLORENCEKY 29 APR,-121.88,44171.29,True,chicken licken florenceky,STMT010,protea
2,2026-04-30,MONTHLY ACCOUNT FEE,-69.0,44102.29,True,monthly account fee,STMT010,protea
2,2026-04-30,POS PURCHASE CHECKERS 30 APR,-676.51,43425.78,True,checkers,STMT010,protea
2,2026-04-30,DBT CRD LO MIO GROCERIES WEST HAZLETON 5737*3040,-164.44,43261.34,True,dbt crd lo mio groceries west hazleton,STMT010,protea
2,2026-04-30,CARD PURCHASE WOOLWORTHS FOOD 30 APR,-1133.44,42127.9,True,woolworths food,STMT010,protea
1,2026-08-01,BP INSIDE POLOKWANE 3318*5535,-742.91,19466.03,True,bp inside polokwane,STMT011,karoo
1,2026-08-01,EFT PAYMENT COS UTILITIES EZPA POLOKWANE 1951*1333,-1232.32,18233.71,True,cos utilities ezpa polokwane,STMT011,karoo
1,2026-08-02,POS PURCHASE AMPATH LAB MEMBERSHIP MIDRAND 5486*6645,-1436.93,16796.78,True,ampath lab membership midrand,STMT011,karoo
1,2026-08-02,POS PURCHASE MERCHANT ASTRON ENERGY EXPRE FLINT CAPE TOWN 9883*4019 02 AUG,-790.6,16006.18,True,merchant astron energy expre flint cape town,STMT011,karoo
1,2026-08-02,CARD PURCHASE WOOLWORTHS FOOD WEST PALM BEAFL 5933*3565,-58.92,15947.26,True,woolworths food west palm beafl,STMT011,karoo
1,2026-08-03,CARD PURCHASE SEATTLE COFFEE NEW PORT RICH,-20.38,15926.88,True,seattle coffee new port rich,STMT011,karoo
1,2026-08-04,POS PURCHASE PIZZA HUT BLOEMFONTEIN,-631.39,15295.49,True,pizza hut bloemfontein,STMT011,karoo
1,2026-08-04,POS PURCHASE SASOL MENLYN,-818.15,14477.34,True,sasol menlyn,STMT011,karoo
1,2026-08-05,DEBIT ORDER ESKOM DATA BUNDLE,-1628.52,12848.82,True,eskom data bundle,STMT011,karoo
1,2026-08-07,INTERNET PMT TO SCHOOL FEES DEPT EDUC CENTURION 4777*3286 07 AUG,-3259.83,9588.99,True,school fees dept educ centurion,STMT011,karoo
1,2026-08-07,SPUR WASHINGTON AVEHOLLAND MIUS ROSEBANK,-80.32,9508.67,True,spur washington aveholland mius rosebank,STMT011,karoo
1,2026-08-09,FLBLUE ACA WWW DABL JOHANNESBURG 09 AUG,-1521.99,7986.68,True,flblue aca www dabl johannesburg,STMT011,karoo
1,2026-08-13,CARD PURCHASE ATM FEE,-47.42,7939.26,True,atm fee,STMT011,karoo
1,2026-08-14,CARD PURCHASE ATM FEE 5677*3973 14 AUG,-96.96,7842.3,True,atm fee,STMT011,karoo
1,2026-08-15,POS PURCHASE CONVENIENCE MART CENTURION 15 AUG,-268.17,7574.13,True,convenience mart centurion,STMT011,karoo
1,2026-08-16,POS PURCHASE WOOLWORTHS COM DURBAN 8475*3614,-310.79,7263.34,True,woolworths com durban,STMT011,karoo
1,2026-08-17,CARD PURCHASE SHELL GAS 17 AUG,-437.57,6825.77,True,shell gas,STMT011,karoo
1,2026-08-17,CARD PURCHASE NSC LAKEWOOD 1965*9789 17 AUG,-734.49,6091.28,True,nsc lakewood,STMT011,karoo
1,2026-08-17,ROMANS PIZZA HOPEWELLVA JOHANNESBURG 9382*1884,-148.16,5943.12,True,romans pizza hopewellva johannesburg,STMT011,karoo
1,2026-08-18,CARD PURCHASE CHECKERS WAL POLOKWANE,-638.41,5304.71,True,checkers wal polokwane,STMT011,karoo
1,2026-08-19,POS PURCHASE MERCHANT ASTRON ENERGY EXPRE FLINT BLOEMFONTEIN,-445.35,4859.36,True,merchant astron energy expre flint bloemfontein,STMT011,karoo
1,2026-08-19,POS PURCHASE ATM FEE DURBAN,-47.42,4811.94,True,atm fee durban,STMT011,karoo
1,2026-08-19,POS PURCHASE MCDONALDS OHUS 3676*5807,-141.41,4670.53,True,mcdonalds ohus,STMT011,karoo
1,2026-08-21,CARD PURCHASE MONTHLY MAINTENANCE FEE,-138.88,4531.65,True,monthly maintenance fee,STMT011,karoo
1,2026-08-21,WOOLWORTHS 4766*4148,-823.9,3707.75,True,woolworths,STMT011,karoo
1,2026-08-22,POS PURCHASE AMPATH LAB CONSULTATION 3494*6389,-239.75,3468.0,True,ampath lab consultation,STMT011,karoo
1,2026-08-22,CARD PURCHASE SHELL LENEXA KSUS REF 2355*2021,-337.52,3130.48,True,shell lenexa ksus ref,STMT011,karoo
1,2026-08-23,CARD PURCHASE MONTHLY MAINTENANCE FEE PRETORIA,-117.06,3013.42,True,monthly maintenance fee pretoria,STMT011,karoo
1,2026-08-24,SHOPRITE FUEL RICHMONDKY,-889.57,2123.85,True,shoprite fuel richmondky,STMT011,karoo
1,2026-08-24,POS PURCHASE ATM FEE 5854*8542 24 AUG,-96.96,2026.89,True,atm fee,STMT011,karoo
1,2026-08-25,POS PURCHASE LK WITHDRWL CONVEN PRETORIA FEE 6455*1941,-73.9,1952.99,True,lk withdrwl conven pretoria fee,STMT011,karoo
2,2026-08-25,POS PURCHASE DBT WHOLEFDS KCM CAPE TOWN 25 AUG,-304.0,1648.99,True,dbt wholefds kcm cape town,STMT011,karoo
2,2026-08-25,SALARY BAOBAB CONSULTING,40100.0,41748.99,True,salary baobab consulting,STMT011,karoo
2,2026-08-26,CELL PHONES CENTURION 8223*9310,-812.99,40936.0,True,cell phones centurion,STMT011,karoo
2,2026-08-27,PICK PAY DURBAN 27 AUG,-295.52,40640.48,True,pick pay durban,STMT011,karoo
2,2026-08-28,CARD PURCHASE CAPITAL AUTO 6329*1134,-1276.24,39364.24,True,capital auto,STMT011,karoo
2,2026-08-29,RAISING CANES ROSEBANK 9770*2772,-194.48,39169.76,True,raising canes rosebank,STMT011,karoo
2,2026-08-31,MONTHLY ACCOUNT FEE,-65.0,39104.76,True,monthly account fee,STMT011,karoo
1,2026-06-01,POS PURCHASE FOOD,-1429.72,13924.76,True,food,STMT012,highveld
1,2026-06-02,CARD PURCHASE PIQUA KWIKSPAR JOHANNESBURG 02 JUN,-155.37,13769.39,True,piqua kwikspar johannesburg,STMT012,highveld
1,2026-06-05,SHELL INSIDE JOHANNESBURG,-528.21,13241.18,True,shell inside johannesburg,STMT012,highveld
1,2026-06-05,MONTHLY MAINTENANCE FEE 7651*7680 05 JUN,-284.13,12957.05,True,monthly maintenance fee,STMT012,highveld
1,2026-06-06,POS PURCHASE CHECKERS HYPER SUP RANDBURG,-185.05,12772.0,True,checkers hyper sup randburg,STMT012,highveld
1,2026-06-06,ENGEN LAKE 06 JUN,-377.08,12394.92,True,engen lake,STMT012,highveld
1,2026-06-07,EFT PAYMENT COS UTILITIES EZPA SANDTON,-1633.47,10761.45,True,cos utilities ezpa sandton,STMT012,highveld
1,2026-06-07,CARD PURCHASE TOTALENERGIES BUEN LAKE BUENA VI,-710.54,10050.91,True,totalenergies buen lake buena vi,STMT012,highveld
1,2026-06-07,INTERNET PMT TO GRID,-234.22,9816.69,True,grid,STMT012,highveld
1,2026-06-07,POS PURCHASE ROMANS PIZZA DEER PARK 4568*6088,-116.5,9700.19,True,romans pizza deer park,STMT012,highveld
1,2026-06-08,MEDIRITE PHARMACY MEMBERSHIP BLOEMFONTEIN,-50.0,9650.19,True,medirite pharmacy membership bloemfontein,STMT012,highveld
1,2026-06-08,CARD PURCHASE DURBAN LIFE INS PREM,-351.85,9298.34,True,durban life ins prem,STMT012,highveld
1,2026-06-09,GOLDEN CHICK 1741*8498,-100.44,9197.9,True,golden chick,STMT012,highveld
1,2026-06-09,POS PURCHASE NORTHSIDE MARKET 3361*8855,-369.47,8828.43,True,northside market,STMT012,highveld
1,2026-06-09,CARD PURCHASE OAK PARK CONVENIENCE PLEASANT HILL,-1415.76,7412.67,True,oak park convenience pleasant hill,STMT012,highveld
1,2026-06-11,CARD PURCHASE KOHLS 11 JUN,-200.88,7211.79,True,kohls,STMT012,highveld
1,2026-06-13,POS PURCHASE ASTRON ENERGY HUNTINGDON HATFIELD 7780*1916,-308.1,6903.69,True,astron energy huntingdon hatfield,STMT012,highveld
1,2026-06-13,CARD PURCHASE ASTRON ENERGY TOCK CAPE TOWN,-1450.94,5452.75,True,astron energy tock cape town,STMT012,highveld
1,2026-06-13,POS PURCHASE KRISPY KREME,-91.8,5360.95,True,krispy kreme,STMT012,highveld
1,2026-06-14,CARD PURCHASE RAISING CANES BEAUMONT 6088*7863,-149.48,5211.47,True,raising canes beaumont,STMT012,highveld
1,2026-06-14,POS PURCHASE INTL FEE GHL LEVELS BANGKOK TH 8405*7417,-20.38,5191.09,True,intl fee ghl levels bangkok th,STMT012,highveld
1,2026-06-15,CARD PURCHASE SASOL OUTSIDE GAINSVILLE DURBAN,-1392.4,3798.69,True,sasol outside gainsville durban,STMT012,highveld
1,2026-06-15,POS PURCHASE MONTHLY MAINTENANCE FEE,-184.99,3613.7,True,monthly maintenance fee,STMT012,highveld
1,2026-06-15,CARD PURCHASE PUBLIX SUPER RED BUG LAKE WINTER SPRING SANDTON 15 JUN,-852.6,2761.1,True,publix super red bug lake winter spring sandton,STMT012,highveld
1,2026-06-15,POS PURCHASE MICROSOFT MIDRAND,-167.74,2593.36,True,microsoft midrand,STMT012,highveld
1,2026-06-16,POS PURCHASE MONTHLY MAINTENANCE FEE,-117.06,2476.3,True,monthly maintenance fee,STMT012,highveld
1,2026-06-17,PICK PAY MIDDLEBR KNOXVILLE PIN 8729*2241 17 JUN,-208.53,2267.77,True,pick pay middlebr knoxville pin,STMT012,highveld
1,2026-06-17,CARD PURCHASE ALLSUPS INTERSTMERKEL BLOEMFONTEIN,-47.11,2220.66,True,allsups interstmerkel bloemfontein,STMT012,highveld
1,2026-06-18,BRAUMS STORE SANDTON,-250.19,1970.47,True,braums store sandton,STMT012,highveld
1,2026-06-20,POS PURCHASE WOOLWORTHS ROSEBANK,-341.74,1628.73,True,woolworths rosebank,STMT012,highveld
1,2026-06-20,POS PURCHASE WIMPY SAN DIEGO,-317.96,1310.77,True,wimpy san diego,STMT012,highveld
1,2026-06-21,POS PURCHASE FOOD JOHANNESBURG 6434*5288 21 JUN,-89.65,1221.12,True,food johannesburg,STMT012,highveld
1,2026-06-21,CARD PURCHASE DDA PUR APPLE COM,-225.42,995.7,True,dda pur apple com,STMT012,highveld
2,2026-06-22,APPLE MUSIC 22 JUN,-82.3,913.4,True,apple music,STMT012,highveld
2,2026-06-25,VIRGIN ACTIVE SCRIPT 9746*3706 25 JUN,-522.37,391.03,True,virgin active script,STMT012,highveld
2,2026-06-25,SALARY BLUE CRANE SYSTEMS,24600.0,24991.03,True,salary blue crane systems,STMT012,highveld
2,2026-06-26,TRANSFER TO SAVINGS,-1800.0,23191.03,True,transfer savings,STMT012,highveld
2,2026-06-26,POS PURCHASE WIMPY 6042*1537 26 JUN,-87.8,23103.23,True,wimpy,STMT012,highveld
2,2026-06-27,POS PURCHASE MCDONALDS,-56.9,23046.33,True,mcdonalds,STMT012,highveld
2,2026-06-27,CARD PURCHASE SASOL HATFIELD 7955*2216 27 JUN,-1314.12,21732.21,True,sasol hatfield,STMT012,highveld
2,2026-06-27,POS PURCHASE MUGG BEAN 5688*3173 27 JUN,-163.34,21568.87,True,mugg bean,STMT012,highveld
2,2026-06-28,CARD PURCHASE PIQUA PICK PAY EXPRESS 8524*7498 28 JUN,-410.06,21158.81,True,piqua pick pay express,STMT012,highveld
2,2026-06-30,MONTHLY ACCOUNT FEE,-65.0,21093.81,True,monthly account fee,STMT012,highveld
1,2026-08-01,MASTERCARD CHICKEN LICKEN BROCKTON DATE POLOKWANE 2066*2074,-138.93,17987.53,True,mastercard chicken licken brockton date polokwane,STMT013,protea
1,2026-08-01,SASOL JOHANNESBURG 6369*1976 01 AUG,-1047.18,16940.35,True,sasol johannesburg,STMT013,protea
1,2026-08-02,POS PURCHASE BOXER SUP DDA PIN PUR CD FARMINGTON MENLYN 2071*6758,-729.52,16210.83,True,boxer sup dda pin pur cd farmington menlyn,STMT013,protea
1,2026-08-02,CELL PREPAID SANDTON,-614.2,15596.63,True,cell prepaid sandton,STMT013,protea
1,2026-08-02,POS PURCHASE FRESH MARKET 02 AUG,-647.25,14949.38,True,fresh market,STMT013,protea
1,2026-08-02,DEBIT ORDER CELL AIRTIME ROSEBANK 2394*3296 02 AUG,-1236.35,13713.03,True,cell airtime rosebank,STMT013,protea
1,2026-08-03,POS PURCHASE FOOD LION FOOD LION VIRGINIABEACH RANDBURG,-243.71,13469.32,True,food lion food lion virginiabeach randburg,STMT013,protea
1,2026-08-03,POS PURCHASE FOOD LOVERS MARKET SALEM RD COVINGTON JOHANNESBURG,-1426.13,12043.19,True,food lovers market salem rd covington johannesburg,STMT013,protea
1,2026-08-04,POS PURCHASE SAVE LOT 4162*7855,-706.78,11336.41,True,save lot,STMT013,protea
1,2026-08-04,LEMONADE INSURANCE LEMONADE COM,-554.64,10781.77,True,lemonade insurance lemonade com,STMT013,protea
1,2026-08-04,POS PURCHASE MCDONALDS SANDTON 04 AUG,-211.47,10570.3,True,mcdonalds sandton,STMT013,protea
1,2026-08-05,MAGTAPE DEBIT MEDIRITE PHARMACY CONTRIBUTION POLOKWANE,-513.21,10057.09,True,medirite pharmacy contribution polokwane,STMT013,protea
1,2026-08-06,DEBIT ORDER MEDIRITE PHARMACY 7066*2523,-520.69,9536.4,True,medirite pharmacy,STMT013,protea
1,2026-08-06,CARD PURCHASE ATM FEE 9471*7363 06 AUG,-59.92,9476.48,True,atm fee,STMT013,protea
1,2026-08-07,DISNEY PLUS DATE 3092*1678,-261.19,9215.29,True,disney plus date,STMT013,protea
1,2026-08-07,POS PURCHASE EMPORIA DURBAN 7626*8743,-832.24,8383.05,True,emporia durban,STMT013,protea
1,2026-08-09,CARD PURCHASE FREDDY 5760*2123 09 AUG,-283.99,8099.06,True,freddy,STMT013,protea
1,2026-08-11,CARD PURCHASE CATAMOUNT TR CULLOWHEE 9983*6478,-276.69,7822.37,True,catamount tr cullowhee,STMT013,protea
1,2026-08-11,CARD PURCHASE SASOL STR DURBAN 11 AUG,-770.39,7051.98,True,sasol str durban,STMT013,protea
1,2026-08-12,POS PURCHASE ESKOM,-1419.85,5632.13,True,eskom,STMT013,protea
1,2026-08-13,POS PURCHASE BURGER KING 1938*8513,-62.45,5569.68,True,burger king,STMT013,protea
1,2026-08-14,CARD PURCHASE COF MERCHNT BIL MIDRAND 14 AUG,-1138.66,4431.02,True,cof merchnt bil midrand,STMT013,protea
1,2026-08-14,RALEY RALEY FOLSOM 9918*3695,-300.38,4130.64,True,raley raley folsom,STMT013,protea
1,2026-08-14,KRISPY KREME,-113.51,4017.13,True,krispy kreme,STMT013,protea
1,2026-08-17,POS PURCHASE CHARLIE SUPERMA EAST ORANGE 8521*5133,-330.24,3686.89,True,charlie superma east orange,STMT013,protea
1,2026-08-17,POS PURCHASE GIANT BETHLEHEM PADATE CAPE TOWN 1904*1241,-331.71,3355.18,True,giant bethlehem padate cape town,STMT013,protea
1,2026-08-18,PIZZA HUT CAPE TOWN 6592*1151 18 AUG,-364.48,2990.7,True,pizza hut cape town,STMT013,protea
1,2026-08-20,POS PURCHASE VIDA CAFFE 4345*2711,-58.38,2932.32,True,vida caffe,STMT013,protea
1,2026-08-21,POS PURCHASE FOOD LION FOOD LION VIRGINIABEACH 2216*8084,-59.51,2872.81,True,food lion food lion virginiabeach,STMT013,protea
1,2026-08-22,POS PURCHASE GROVE MARKET PERSEVERANCE AUSTIN CAPE TOWN,-115.51,2757.3,True,grove market perseverance austin cape town,STMT013,protea
1,2026-08-23,DANDY MINI MART,-136.9,2620.4,True,dandy mini mart,STMT013,protea
1,2026-08-24,POS PURCHASE DEBONAIRS PIZZA ROSEBANK 4421*3806,-60.69,2559.71,True,debonairs pizza rosebank,STMT013,protea
1,2026-08-24,ROMANS PIZZA VALLEY STREAM,-377.77,2181.94,True,romans pizza valley stream,STMT013,protea
1,2026-08-25,POS PURCHASE BIG BOY DELHI SOWETO 4943*7825,-123.3,2058.64,True,big boy delhi soweto,STMT013,protea
2,2026-08-25,SALARY ACACIA LOGISTICS,41500.0,43558.64,True,salary acacia logistics,STMT013,protea
2,2026-08-25,POS PURCHASE YALE CHECKERS STORE BLOEMFONTEIN,-400.3,43158.34,True,yale checkers store bloemfontein,STMT013,protea
2,2026-08-26,TRANSFER TO SAVINGS,-2700.0,40458.34,True,transfer savings,STMT013,protea
2,2026-08-26,POS PURCHASE WIMPY ENGLEWOOD,-25.01,40433.33,True,wimpy englewood,STMT013,protea
2,2026-08-27,CHECKERS,-183.0,40250.33,True,checkers,STMT013,protea
2,2026-08-29,POS PURCHASE SASOL ROCHESTER 7111*8905,-348.96,39901.37,True,sasol rochester,STMT013,protea
2,2026-08-30,MURPHY ATWALM WHITFIELD DRIVE COLUMBUSIN 7650*3206,-282.88,39618.49,True,murphy atwalm whitfield drive columbusin,STMT013,protea
2,2026-08-31,MONTHLY ACCOUNT FEE,-69.0,39549.49,True,monthly account fee,STMT013,protea
2,2026-08-31,COURTESY PAY FEE 6607*2119,-284.13,39265.36,True,courtesy pay fee,STMT013,protea
2,2026-08-31,POS PURCHASE ATM FEE 9879*4527 31 AUG,-47.42,39217.94,True,atm fee,STMT013,protea
1,2026-09-01,MONTHLY MAINTENANCE FEE RANDBURG 7128*3296,-117.06,23596.87,True,monthly maintenance fee randburg,STMT014,karoo
1,2026-09-01,SEATTLE COFFEE,-54.33,23542.54,True,seattle coffee,STMT014,karoo
1,2026-09-02,POS PURCHASE STORES HATFIELD 7393*6817 02 SEP,-150.66,23391.88,True,stores hatfield,STMT014,karoo
1,2026-09-02,INTERNET PMT TO VIRGIN ACTIVE CONTRIBUTION MIDRAND,-366.3,23025.58,True,virgin active contribution midrand,STMT014,karoo
1,2026-09-02,MICROSOFT,-234.62,22790.96,True,microsoft,STMT014,karoo
1,2026-09-02,CARD PURCHASE WOOLWORTHS 02 SEP,-636.97,22153.99,True,woolworths,STMT014,karoo
1,2026-09-05,POS PURCHASE WOODMEN CAR WASH COLORADO SPRICO RANDBURG 05 SEP,-110.88,22043.11,True,woodmen car wash colorado sprico randburg,STMT014,karoo
1,2026-09-05,INTERNET PMT TO CELL,-1486.51,20556.6,True,cell,STMT014,karoo
1,2026-09-05,CARD PURCHASE CHECKERS MIDDLEBR KNOXVILLE PIN,-308.41,20248.19,True,checkers middlebr knoxville pin,STMT014,karoo
1,2026-09-05,POS PURCHASE CHICKEN LICKEN RANDBURG 3850*1146,-53.2,20194.99,True,chicken licken randburg,STMT014,karoo
1,2026-09-06,MICROSOFT,-154.62,20040.37,True,microsoft,STMT014,karoo
1,2026-09-06,CARD PURCHASE SHELL,-467.43,19572.94,True,shell,STMT014,karoo
1,2026-09-06,MAGTAPE DEBIT WATER WOR 7150*2736,-1075.99,18496.95,True,water wor,STMT014,karoo
1,2026-09-06,POS PURCHASE CHECKERS HYPER SUP,-1363.69,17133.26,True,checkers hyper sup,STMT014,karoo
1,2026-09-07,POS PURCHASE SPAR OXFORD,-227.97,16905.29,True,spar oxford,STMT014,karoo
1,2026-09-07,POS PURCHASE MUGG BEAN BOLINGBROOK CAPE TOWN 2248*3200,-181.34,16723.95,True,mugg bean bolingbrook cape town,STMT014,karoo
1,2026-09-08,POS PURCHASE OVERDRAFT FEE ITEM DETAILS PROG UNIVERSAL RETRY CAPE TOWN,-370.75,16353.2,True,overdraft fee item details prog universal retry cape town,STMT014,karoo
1,2026-09-08,RALPHS RALPHS LOS ES,-1581.24,14771.96,True,ralphs ralphs los es,STMT014,karoo
1,2026-09-10,DAYBREAK MARKET BANNING,-272.9,14499.06,True,daybreak market banning,STMT014,karoo
1,2026-09-10,POS PURCHASE CHECKERS SUP BEREA PIN 10 SEP,-1228.42,13270.64,True,checkers sup berea pin,STMT014,karoo
1,2026-09-10,CARD PURCHASE MUGG BEAN STORE RANDBURG 9224*4686 10 SEP,-161.14,13109.5,True,mugg bean store randburg,STMT014,karoo
1,2026-09-12,CARD PURCHASE SHELL SERVICE STAT 2348*9867,-1062.32,12047.18,True,shell service stat,STMT014,karoo
1,2026-09-12,WOOLWORTHS COM 12 SEP,-278.6,11768.58,True,woolworths com,STMT014,karoo
1,2026-09-13,POS PURCHASE ENGEN TUSCALOOSA 8647*8736,-161.55,11607.03,True,engen tuscaloosa,STMT014,karoo
1,2026-09-14,POS PURCHASE APPLE MUSIC 8593*2939 14 SEP,-159.09,11447.94,True,apple music,STMT014,karoo
1,2026-09-14,CARD PURCHASE DDA BOLLA JAMAICA,-223.08,11224.86,True,dda bolla jamaica,STMT014,karoo
1,2026-09-15,POS PURCHASE TURKEY HILL MAIN ST BIRDSBORO 15 SEP,-346.31,10878.55,True,turkey hill main st birdsboro,STMT014,karoo
1,2026-09-16,CARD PURCHASE PICK PAY SHEPHERDSVILL SOWETO,-437.04,10441.51,True,pick pay shepherdsvill soweto,STMT014,karoo
1,2026-09-17,CARD PURCHASE PLAYSTATION NETWOR 5180*5082,-126.35,10315.16,True,playstation networ,STMT014,karoo
1,2026-09-19,WEIS MARKETS SBURG 19 SEP,-548.19,9766.97,True,weis markets sburg,STMT014,karoo
1,2026-09-20,CARD PURCHASE TIGER MART KEMP MENLYN 20 SEP,-274.95,9492.02,True,tiger mart kemp menlyn,STMT014,karoo
1,2026-09-22,POS PURCHASE SHELL 3714*2658,-155.35,9336.67,True,shell,STMT014,karoo
1,2026-09-23,POS PURCHASE BOXER SUP PRETORIA 23 SEP,-1907.56,7429.11,True,boxer sup pretoria,STMT014,karoo
2,2026-09-23,POS PURCHASE WOOLWORTHS FOOD ANDERSON 9670*5939 23 SEP,-2381.14,5047.97,True,woolworths food anderson,STMT014,karoo
2,2026-09-24,DBT CRD GEICO AUTO,-725.55,4322.42,True,dbt crd geico auto,STMT014,karoo
2,2026-09-25,SALARY MOTSWEDI HOLDINGS,29100.0,33422.42,True,salary motswedi holdings,STMT014,karoo
2,2026-09-25,CARD PURCHASE RAND WATER PAYMEN MENLYN 6858*2459,-102.25,33320.17,True,rand water paymen menlyn,STMT014,karoo
2,2026-09-26,TRANSFER TO SAVINGS,-1300.0,32020.17,True,transfer savings,STMT014,karoo
2,2026-09-26,PIQUA SPAR EXPRESS 6572*8462,-635.5,31384.67,True,piqua spar express,STMT014,karoo
2,2026-09-27,CARD PURCHASE WITHDRWL PHILLIPS FOO JOHANNESBURG FEE,-176.03,31208.64,True,withdrwl phillips foo johannesburg fee,STMT014,karoo
2,2026-09-28,POS PURCHASE SANTANDER 3891*4512 28 SEP,-2326.53,28882.11,True,santander,STMT014,karoo
2,2026-09-30,MONTHLY ACCOUNT FEE,-65.0,28817.11,True,monthly account fee,STMT014,karoo
1,2026-08-01,POS PURCHASE ATM FEE,-47.42,26737.02,True,atm fee,STMT015,highveld
1,2026-08-01,CARD PURCHASE WOOLWORTHS RANDBURG,-465.14,26271.88,True,woolworths randburg,STMT015,highveld
1,2026-08-02,SWIF FOOD STOR PRETORIA 02 AUG,-230.37,26041.51,True,swif food stor pretoria,STMT015,highveld
1,2026-08-02,PROG SELECT INS INS PREM JOHANNESBURG 1915*8123 02 AUG,-983.68,25057.83,True,prog select ins ins prem johannesburg,STMT015,highveld
1,2026-08-03,POS PURCHASE SASOL HATFIELD 5293*1574 03 AUG,-388.6,24669.23,True,sasol hatfield,STMT015,highveld
1,2026-08-03,DATE DSTV CHULU COM BIL,-106.61,24562.62,True,date dstv chulu com bil,STMT015,highveld
1,2026-08-04,POS PURCHASE WAL CHECKERS SUPER HATFIELD,-34.46,24528.16,True,wal checkers super hatfield,STMT015,highveld
1,2026-08-04,CARD PURCHASE RACEWAY BUFORD HWY CENTURION,-363.7,24164.46,True,raceway buford hwy centurion,STMT015,highveld
1,2026-08-05,CARD PURCHASE WOOLWORTHS HACKENSACK,-171.72,23992.74,True,woolworths hackensack,STMT015,highveld
1,2026-08-05,POS PURCHASE PICK PAY ADAMSVILLE ROSEBANK,-400.86,23591.88,True,pick pay adamsville rosebank,STMT015,highveld
1,2026-08-05,DEBIT ORDER FRONTIER UTILITIES 3183*2685,-668.13,22923.75,True,frontier utilities,STMT015,highveld
1,2026-08-05,EFT PAYMENT VIRGIN ACTIVE MEMBERSHIP 1348*2801,-193.73,22730.02,True,virgin active membership,STMT015,highveld
1,2026-08-07,POS PURCHASE CHECKERS 4953*2187 07 AUG,-767.96,21962.06,True,checkers,STMT015,highveld
1,2026-08-08,ASTRON ENERGY MYRTLE BEACH 08 AUG,-1758.36,20203.7,True,astron energy myrtle beach,STMT015,highveld
1,2026-08-10,IC COSTCO INSTACAR,-708.08,19495.62,True,ic costco instacar,STMT015,highveld
1,2026-08-10,POS PURCHASE PATTERSON TOTALENERGIES PATTERSON 10 AUG,-402.69,19092.93,True,patterson totalenergies patterson,STMT015,highveld
1,2026-08-10,CARD PURCHASE CPENERGY ENTEX ENT DR POLOKWANE 2418*7287,-527.38,18565.55,True,cpenergy entex ent dr polokwane,STMT015,highveld
1,2026-08-11,EKURHULENI ELECTRICITY SERVICES LLC NEW ORLEANS,-1587.52,16978.03,True,ekurhuleni electricity services llc new orleans,STMT015,highveld
1,2026-08-11,CUMBERLAND FARMS HOLLYWOOD 6311*8670,-107.16,16870.87,True,cumberland farms hollywood,STMT015,highveld
1,2026-08-11,SASOL DURBAN 11 AUG,-312.66,16558.21,True,sasol durban,STMT015,highveld
1,2026-08-11,POS PURCHASE ROAD TRAC RO BLOEMFONTEIN,-85.34,16472.87,True,road trac ro bloemfontein,STMT015,highveld
1,2026-08-11,POS PURCHASE VIDA CAFFE 6210*3141,-62.34,16410.53,True,vida caffe,STMT015,highveld
1,2026-08-14,POS PURCHASE ATM FEE,-96.96,16313.57,True,atm fee,STMT015,highveld
1,2026-08-15,CARD PURCHASE BURGER TORRANCE 1302*1922 15 AUG,-160.15,16153.42,True,burger torrance,STMT015,highveld
1,2026-08-15,POS PURCHASE MONTHLY MAINTENANCE FEE 15 AUG,-117.06,16036.36,True,monthly maintenance fee,STMT015,highveld
1,2026-08-16,POS PURCHASE BMC GEORGIA POWE ELEPAY BMC GEORGIA POWER NORC,-1845.81,14190.55,True,bmc georgia powe elepay bmc georgia power norc,STMT015,highveld
1,2026-08-16,POS PURCHASE SCHOOL FEES DEPT EDUC SCHOOL FEES 7001*2604,-5343.48,8847.07,True,school fees dept educ school fees,STMT015,highveld
1,2026-08-16,CARD PURCHASE HARDEE 7805*8755 16 AUG,-389.63,8457.44,True,hardee,STMT015,highveld
1,2026-08-17,POS PURCHASE HY VEE NEWTON 2478*5036 17 AUG,-70.69,8386.75,True,hy vee newton,STMT015,highveld
1,2026-08-20,POS PURCHASE DSTV LOS GATOS 1811*5167,-210.08,8176.67,True,dstv los gatos,STMT015,highveld
1,2026-08-21,POS PURCHASE RD STREET MINI MART BETHLEHEM PADATE PRETORIA 1032*2903 21 AUG,-409.33,7767.34,True,rd street mini mart bethlehem padate pretoria,STMT015,highveld
1,2026-08-22,CARD PURCHASE WOOLWORTHS FOOD 5994*6085,-429.21,7338.13,True,woolworths food,STMT015,highveld
2,2026-08-23,POS PURCHASE SEI CASTLE ROCK JOHANNESBURG 3594*6468,-140.35,7197.78,True,sei castle rock johannesburg,STMT015,highveld
2,2026-08-23,POS PURCHASE SHELL SAUK CENTRE MNUS HATFIELD,-508.53,6689.25,True,shell sauk centre mnus hatfield,STMT015,highveld
2,2026-08-24,POS PURCHASE BOXER SUP 1116*1674 24 AUG,-842.78,5846.47,True,boxer sup,STMT015,highveld
2,2026-08-24,TOTALENERGIES RESTON,-427.25,5419.22,True,totalenergies reston,STMT015,highveld
2,2026-08-24,POS PURCHASE WOOLWORTHS HATFIELD,-379.57,5039.65,True,woolworths hatfield,STMT015,highveld
2,2026-08-25,SALARY ACACIA LOGISTICS,25900.0,30939.65,True,salary acacia logistics,STMT015,highveld
2,2026-08-26,TRANSFER TO SAVINGS,-1300.0,29639.65,True,transfer savings,STMT015,highveld
2,2026-08-26,POS PURCHASE DDA ROYAL FARMS KULPSVILLE ROSEBANK,-238.66,29400.99,True,dda royal farms kulpsville rosebank,STMT015,highveld
2,2026-08-27,PUBLIX PORT RICHEY 5423*1236 27 AUG,-356.66,29044.33,True,publix port richey,STMT015,highveld
2,2026-08-28,POS PURCHASE CHECKERS HYPER SUPER CENTGUNTERSVILLE ALUS CAPE TOWN 9271*2188,-1357.4,27686.93,True,checkers hyper super centguntersville alus cape town,STMT015,highveld
2,2026-08-29,BURLINGTON STORES AUSTIN 6549*5369,-255.47,27431.46,True,burlington stores austin,STMT015,highveld
2,2026-08-30,POS PURCHASE WOOLWORTHS FOOD CAPE TOWN 4196*6917,-199.02,27232.44,True,woolworths food cape town,STMT015,highveld
2,2026-08-30,POS PURCHASE ASTRON ENERGY,-313.58,26918.86,True,astron energy,STMT015,highveld
2,2026-08-31,MONTHLY ACCOUNT FEE,-69.0,26849.86,True,monthly account fee,STMT015,highveld
1,2026-04-01,POS PURCHASE IC WOOLWORTHS FOOD 4863*8288,-529.27,18676.52,True,ic woolworths food,STMT016,protea
1,2026-04-02,CSC SERVICEWORK FORT WORTH 5823*9331,-59.92,18616.6,True,csc servicework fort worth,STMT016,protea
1,2026-04-02,DBT CRD CORNER MART NATC NATCHEZ CAPE TOWN,-254.03,18362.57,True,dbt crd corner mart natc natchez cape town,STMT016,protea
1,2026-04-02,DEBIT ORDER ESKOM 2263*8380 02 APR,-761.47,17601.1,True,eskom,STMT016,protea
1,2026-04-03,ATM FEE 3639*9759,-47.42,17553.68,True,atm fee,STMT016,protea
1,2026-04-03,POS PURCHASE SEATTLE COFFEE MENLYN 5348*3792,-243.21,17310.47,True,seattle coffee menlyn,STMT016,protea
1,2026-04-04,WINCO FOODS BAKERSFIELD CAUS DURBAN 1186*7110,-629.15,16681.32,True,winco foods bakersfield caus durban,STMT016,protea
1,2026-04-05,CARD PURCHASE SP TOADANDCO HTTPSTOADANDCCA 4795*5320,-1148.65,15532.67,True,sp toadandco httpstoadandcca,STMT016,protea
1,2026-04-05,POS PURCHASE FSI CITY TSHWANE ELECTRICITY LOCAL HATFIELD,-275.59,15257.08,True,fsi city tshwane electricity local hatfield,STMT016,protea
1,2026-04-05,MURPHY ATWAL LYNN HAVEN,-676.79,14580.29,True,murphy atwal lynn haven,STMT016,protea
1,2026-04-05,POS PURCHASE SIG SERVICE FEE,-73.9,14506.39,True,sig service fee,STMT016,protea
1,2026-04-06,TOTALENERGIES ROSEBANK 1709*8125,-819.27,13687.12,True,totalenergies rosebank,STMT016,protea
1,2026-04-06,LAVISTA ROAD LAVISTA ROAD FO ROSEBANK,-101.21,13585.91,True,lavista road lavista road fo rosebank,STMT016,protea
1,2026-04-06,INTERNET PMT TO MEDIRITE PHARMACY 5008*8234,-616.68,12969.23,True,medirite pharmacy,STMT016,protea
1,2026-04-07,DEBIT ORDER VIRGIN ACTIVE 07 APR,-200.88,12768.35,True,virgin active,STMT016,protea
1,2026-04-08,CARD PURCHASE FAMILY SOWETO,-397.76,12370.59,True,family soweto,STMT016,protea
1,2026-04-09,POS PURCHASE SHOPRITE ADAMSVILLE 4112*2387,-679.23,11691.36,True,shoprite adamsville,STMT016,protea
1,2026-04-10,CARD PURCHASE ZAPATA FOOD LOVERS MARKET LLC 1423*1363,-181.24,11510.12,True,zapata food lovers market llc,STMT016,protea
1,2026-04-10,MEDIRITE PHARMACY POLOKWANE 7130*3581 10 APR,-771.78,10738.34,True,medirite pharmacy polokwane,STMT016,protea
1,2026-04-10,POS PURCHASE PAYPAL STEAM GAMES BLOEMFONTEIN 6556*5484,-651.23,10087.11,True,paypal steam games bloemfontein,STMT016,protea
1,2026-04-11,POS PURCHASE SPUR,-42.33,10044.78,True,spur,STMT016,protea
1,2026-04-12,POS PURCHASE DEBONAIRS PIZZA MC GREGOR DELIA SOTO 8259*8439,-72.07,9972.71,True,debonairs pizza mc gregor delia soto,STMT016,protea
1,2026-04-12,CARD PURCHASE DBT RAISING CANES,-158.24,9814.47,True,dbt raising canes,STMT016,protea
1,2026-04-12,POS PURCHASE MUGG BEAN,-221.45,9593.02,True,mugg bean,STMT016,protea
1,2026-04-13,POS PURCHASE DBT CRD GEICO AUTO,-944.93,8648.09,True,dbt crd geico auto,STMT016,protea
1,2026-04-13,PUFFGOPUFF,-175.15,8472.94,True,puffgopuff,STMT016,protea
1,2026-04-14,POS PURCHASE WOOLWORTHS FOOD WEST PALM BEAFL CENTURION 14 APR,-1040.79,7432.15,True,woolworths food west palm beafl centurion,STMT016,protea
1,2026-04-15,POS PURCHASE COURTESY PAY FEE 1234*5260 15 APR,-249.45,7182.7,True,courtesy pay fee,STMT016,protea
1,2026-04-15,POS PURCHASE AMPATH LAB CONSULTATION 5279*9978,-149.56,7033.14,True,ampath lab consultation,STMT016,protea
1,2026-04-17,POS PURCHASE KRISPY KREME MORRISTOWN,-99.88,6933.26,True,krispy kreme morristown,STMT016,protea
1,2026-04-17,POS PURCHASE EL TIGRE 5257*3695 17 APR,-617.15,6316.11,True,el tigre,STMT016,protea
1,2026-04-18,CARD PURCHASE IAL CAR WASH FARMINGTON,-147.77,6168.34,True,ial car wash farmington,STMT016,protea
1,2026-04-19,POS PURCHASE CENTS STORES MIDRAND 19 APR,-133.98,6034.36,True,cents stores midrand,STMT016,protea
1,2026-04-20,POS PURCHASE MONTHLY SERVICE CHARGE VR BLOEMFONTEIN 2329*5672 20 APR,-141.44,5892.92,True,monthly service charge vr bloemfontein,STMT016,protea
1,2026-04-21,POS PURCHASE ATM FEE PRETORIA 4404*8537,-47.42,5845.5,True,atm fee pretoria,STMT016,protea
2,2026-04-21,POS PURCHASE SHOPRITE SUP,-282.87,5562.63,True,shoprite sup,STMT016,protea
2,2026-04-22,POS PURCHASE MICROSOFT 3077*3731,-158.33,5404.3,True,microsoft,STMT016,protea
2,2026-04-22,POS PURCHASE COSTCO WHSE EUGENE DURBAN 22 APR,-55.75,5348.55,True,costco whse eugene durban,STMT016,protea
2,2026-04-23,MUGG BEAN BLOEMFONTEIN 4745*8686,-138.21,5210.34,True,mugg bean bloemfontein,STMT016,protea
2,2026-04-24,MICROSOFT MICROSOF MSBILL INFO 6089*8533,-172.18,5038.16,True,microsoft microsof msbill info,STMT016,protea
2,2026-04-25,CARD PURCHASE APPLETON 8141*5970,-106.33,4931.83,True,appleton,STMT016,protea
2,2026-04-25,SALARY BAOBAB CONSULTING,39400.0,44331.83,True,salary baobab consulting,STMT016,protea
2,2026-04-26,TRANSFER TO SAVINGS,-1100.0,43231.83,True,transfer savings,STMT016,protea
2,2026-04-27,POS PURCHASE SHOPRITE GR LAWRENCEVILLE CAPE TOWN 8099*6928 27 APR,-337.01,42894.82,True,shoprite gr lawrenceville cape town,STMT016,protea
2,2026-04-28,POLOKWANE 7726*1683,-34.46,42860.36,True,polokwane,STMT016,protea
2,2026-04-30,MONTHLY ACCOUNT FEE,-65.0,42795.36,True,monthly account fee,STMT016,protea
2,2026-04-30,CARD PURCHASE DD DOORDASH SPAR SOWETO 4964*1063,-709.37,42085.99,True,dd doordash spar soweto,STMT016,protea
2,2026-04-30,POS PURCHASE STARS CHERRY HILL,-276.23,41809.76,True,stars cherry hill,STMT016,protea
2,2026-04-30,POS PURCHASE CHICKEN LICKEN COVINGTON BLOEMFONTEIN 6499*6803,-111.26,41698.5,True,chicken licken covington bloemfontein,STMT016,protea
1,2026-08-01,POS PURCHASE VIDA CAFFE STORE ORLANDO 01 AUG,-99.38,21774.52,True,vida caffe store orlando,STMT017,karoo
1,2026-08-02,CARD PURCHASE ENGEN HUNTINGDON 02 AUG,-920.23,20854.29,True,engen huntingdon,STMT017,karoo
1,2026-08-03,CARD PURCHASE ATM FEE RANDBURG 3457*1181 03 AUG,-47.42,20806.87,True,atm fee randburg,STMT017,karoo
1,2026-08-03,POS PURCHASE ASTRON ENERGY 3168*7030,-1883.96,18922.91,True,astron energy,STMT017,karoo
1,2026-08-04,DEBIT ORDER ASPEN WASTE SYSTEMS JOHANNESBURG,-573.8,18349.11,True,aspen waste systems johannesburg,STMT017,karoo
1,2026-08-04,POS PURCHASE BURLINGTON STORES HIALEAH,-647.83,17701.28,True,burlington stores hialeah,STMT017,karoo
1,2026-08-05,INTERNET PMT TO UNIVERSITY PRETORIA RANDBURG 7845*8154 05 AUG,-3984.15,13717.13,True,university pretoria randburg,STMT017,karoo
1,2026-08-05,CARD PURCHASE NANDOS COUNTRY CLUB,-139.22,13577.91,True,nandos country club,STMT017,karoo
1,2026-08-06,MAGTAPE DEBIT FIRSTENERGY OPCO FE ECHECK 9918*4849 06 AUG,-2988.55,10589.36,True,firstenergy opco fe echeck,STMT017,karoo
1,2026-08-06,POS PURCHASE AMZN MKTP NU AMZN COM BILLWA,-853.63,9735.73,True,amzn mktp nu amzn com billwa,STMT017,karoo
1,2026-08-07,POS PURCHASE VILLAGE MARKET,-124.06,9611.67,True,village market,STMT017,karoo
1,2026-08-08,POS PURCHASE SPAR SUPER CENTER DURHAM PRETORIA 3249*4777 08 AUG,-554.72,9056.95,True,spar super center durham pretoria,STMT017,karoo
1,2026-08-08,POS PURCHASE SPUR HATFIELD,-101.65,8955.3,True,spur hatfield,STMT017,karoo
1,2026-08-11,POS PURCHASE WOOLWORTHS PRETORIA 1966*6181,-2172.16,6783.14,True,woolworths pretoria,STMT017,karoo
1,2026-08-12,POS PURCHASE MONTHLY MAINTENANCE FEE BLOEMFONTEIN,-184.99,6598.15,True,monthly maintenance fee bloemfontein,STMT017,karoo
1,2026-08-12,CARD PURCHASE RISE KINGDOMS PRETORIA 3540*3503,-65.27,6532.88,True,rise kingdoms pretoria,STMT017,karoo
1,2026-08-13,POS PURCHASE SPUR ROSEBANK 8228*1525,-166.11,6366.77,True,spur rosebank,STMT017,karoo
1,2026-08-14,POS PURCHASE SASOL 14 AUG,-284.34,6082.43,True,sasol,STMT017,karoo
1,2026-08-14,PICK PAY COLUMBUS 9484*2891,-424.58,5657.85,True,pick pay columbus,STMT017,karoo
1,2026-08-15,POS PURCHASE NSF RETURN FEE COMBINED INS RETRY NICHOLAS BLOEMFONTEIN,-304.21,5353.64,True,nsf return fee combined ins retry nicholas bloemfontein,STMT017,karoo
1,2026-08-15,POS PURCHASE STEERS SAN DIEGO,-190.82,5162.82,True,steers san diego,STMT017,karoo
1,2026-08-17,SQ SHAKE SHACK CAPE TOWN,-262.69,4900.13,True,sq shake shack cape town,STMT017,karoo
1,2026-08-17,POS PURCHASE CHECKERS BLOEMFONTEIN 8852*1746 17 AUG,-420.1,4480.03,True,checkers bloemfontein,STMT017,karoo
1,2026-08-17,POS PURCHASE ADOBE SYSTEMS 6584*7282 17 AUG,-261.52,4218.51,True,adobe systems,STMT017,karoo
1,2026-08-19,CARD PURCHASE UNIVERSAL CANDY GROCE RANDBURG,-448.76,3769.75,True,universal candy groce randburg,STMT017,karoo
1,2026-08-20,POS PURCHASE MEDIRITE PHARMACY SCRIPT MIDRAND 4806*6587,-515.69,3254.06,True,medirite pharmacy script midrand,STMT017,karoo
1,2026-08-20,CARD PURCHASE PLAYSTATION NETWOR MIDRAND 2182*1140 20 AUG,-167.74,3086.32,True,playstation networ midrand,STMT017,karoo
1,2026-08-21,KRISPY KREME,-53.46,3032.86,True,krispy kreme,STMT017,karoo
1,2026-08-21,POS PURCHASE JACK CENTREVILLE 1244*8707,-90.34,2942.52,True,jack centreville,STMT017,karoo
1,2026-08-21,KRISPY KREME CANTON HATFIELD,-64.27,2878.25,True,krispy kreme canton hatfield,STMT017,karoo
1,2026-08-21,POS PURCHASE VIDA CAFFE 7568*9773 21 AUG,-96.83,2781.42,True,vida caffe,STMT017,karoo
2,2026-08-22,CARD PURCHASE ATM FEE DURBAN 8437*2381,-47.42,2734.0,True,atm fee durban,STMT017,karoo
2,2026-08-24,POS PURCHASE KRISPY KREME HATFIELD 2422*7761,-106.2,2627.8,True,krispy kreme hatfield,STMT017,karoo
2,2026-08-25,SALARY SUNVELD ENGINEERING,25500.0,28127.8,True,salary sunveld engineering,STMT017,karoo
2,2026-08-25,FIRSTENERGY EZPAY WEB,-864.46,27263.34,True,firstenergy ezpay web,STMT017,karoo
2,2026-08-25,SHOPRITE SUPER DAYTON SANDTON 9325*6143 25 AUG,-349.7,26913.64,True,shoprite super dayton sandton,STMT017,karoo
2,2026-08-26,POS PURCHASE MUGG BEAN HATFIELD 3000*6957,-59.38,26854.26,True,mugg bean hatfield,STMT017,karoo
2,2026-08-27,PAYPAL STEAM GAMES 6071*7385,-349.16,26505.1,True,paypal steam games,STMT017,karoo
2,2026-08-27,POS PURCHASE WOOLWORTHS CENTURION 1332*4112,-508.96,25996.14,True,woolworths centurion,STMT017,karoo
2,2026-08-27,KFC KINSTON 6218*2802 27 AUG,-90.44,25905.7,True,kfc kinston,STMT017,karoo
2,2026-08-28,POS PURCHASE SASOL,-575.04,25330.66,True,sasol,STMT017,karoo
2,2026-08-28,CARD PURCHASE STERLING SANDTON 28 AUG,-204.94,25125.72,True,sterling sandton,STMT017,karoo
2,2026-08-28,POS PURCHASE SPROUTS FARMER SPROUTS FARMERS OAKLAND SOWETO 28 AUG,-815.75,24309.97,True,sprouts farmer sprouts farmers oakland soweto,STMT017,karoo
2,2026-08-31,MONTHLY ACCOUNT FEE,-69.0,24240.97,True,monthly account fee,STMT017,karoo
2,2026-08-31,CARD PURCHASE CHECKERS COM JOHANNESBURG 1815*2660 31 AUG,-254.03,23986.94,True,checkers com johannesburg,STMT017,karoo
2,2026-08-31,CARD PURCHASE BP 6332*1426 31 AUG,-802.97,23183.97,True,bp,STMT017,karoo
1,2026-09-01,INTERNET PMT TO CELL 3173*4017,-779.31,21069.78,True,cell,STMT018,highveld
1,2026-09-02,POS PURCHASE NANDOS MIDDLEBURG MENLYN 02 SEP,-254.25,20815.53,True,nandos middleburg menlyn,STMT018,highveld
1,2026-09-03,EFT PAYMENT MEDIRITE PHARMACY 2573*8327,-349.29,20466.24,True,medirite pharmacy,STMT018,highveld
1,2026-09-03,BP 2670*3916 03 SEP,-437.57,20028.67,True,bp,STMT018,highveld
1,2026-09-03,DEBIT ORDER SCHOOL FEES DEPT EDUC TEXTBOOKS 4324*3642,-1282.85,18745.82,True,school fees dept educ textbooks,STMT018,highveld
1,2026-09-03,ASTRON ENERGY BUEN LAKE BUENA VI PRETORIA 3657*4010,-796.79,17949.03,True,astron energy buen lake buena vi pretoria,STMT018,highveld
1,2026-09-04,MEDIRITE PHARMACY MEMBERSHIP SOWETO 9189*7922,-1670.75,16278.28,True,medirite pharmacy membership soweto,STMT018,highveld
1,2026-09-04,ASTRON ENERGY TON BLOEMFONTEIN 4103*4809 04 SEP,-206.79,16071.49,True,astron energy ton bloemfontein,STMT018,highveld
1,2026-09-05,CARD PURCHASE ATM FEE 05 SEP,-96.96,15974.53,True,atm fee,STMT018,highveld
1,2026-09-06,UBER EATS WENDYS 8665*3711 06 SEP,-192.07,15782.46,True,uber eats wendys,STMT018,highveld
1,2026-09-06,POS PURCHASE SPAR SUPER CENTER APPLETON,-524.95,15257.51,True,spar super center appleton,STMT018,highveld
1,2026-09-07,DEBIT ORDER MEDIRITE PHARMACY POLOKWANE 07 SEP,-113.82,15143.69,True,medirite pharmacy polokwane,STMT018,highveld
1,2026-09-07,POS PURCHASE ML PLUS MEMBRSHP MONEYLION FA BD,-125.66,15018.03,True,ml plus membrshp moneylion fa bd,STMT018,highveld
1,2026-09-07,POS PURCHASE SASOL 1324*1625,-278.63,14739.4,True,sasol,STMT018,highveld
1,2026-09-08,CARD PURCHASE BP PRETORIA 6841*8184 08 SEP,-522.29,14217.11,True,bp pretoria,STMT018,highveld
1,2026-09-10,POS PURCHASE AVA 1127*8619,-288.0,13929.11,True,ava,STMT018,highveld
1,2026-09-12,POS PURCHASE JOHANNESBURG WATER PAYMEN,-102.25,13826.86,True,johannesburg water paymen,STMT018,highveld
1,2026-09-12,POS PURCHASE CALWATER WEB PAY JOHANNESBURG,-571.87,13254.99,True,calwater web pay johannesburg,STMT018,highveld
1,2026-09-12,CARD PURCHASE WAL BOXER BRIDGEVIEW,-345.09,12909.9,True,wal boxer bridgeview,STMT018,highveld
1,2026-09-12,POS PURCHASE SHELL TUSCALOOSA ROSEBANK 12 SEP,-1091.33,11818.57,True,shell tuscaloosa rosebank,STMT018,highveld
1,2026-09-12,POS PURCHASE ESKOM FIBRE,-1333.85,10484.72,True,eskom fibre,STMT018,highveld
1,2026-09-14,POS PURCHASE CULVERS LUDINGTON 4348*4908,-236.21,10248.51,True,culvers ludington,STMT018,highveld
1,2026-09-14,POS PURCHASE KFC,-54.82,10193.69,True,kfc,STMT018,highveld
1,2026-09-14,CHECKERS COM JOHANNESBURG,-1378.37,8815.32,True,checkers com johannesburg,STMT018,highveld
1,2026-09-15,POS PURCHASE KFC FULTONDALE 15 SEP,-359.2,8456.12,True,kfc fultondale,STMT018,highveld
1,2026-09-15,POS PURCHASE SASOL SPRINGFIELD 4888*6661 15 SEP,-452.24,8003.88,True,sasol springfield,STMT018,highveld
1,2026-09-16,CARD PURCHASE PUBLIX OCOEE PRETORIA 6943*5402,-118.95,7884.93,True,publix ocoee pretoria,STMT018,highveld
1,2026-09-17,ATM FEE DURBAN 5074*3917 17 SEP,-96.96,7787.97,True,atm fee durban,STMT018,highveld
1,2026-09-17,POS PURCHASE MUGG BEAN MENLYN 5457*4674,-119.16,7668.81,True,mugg bean menlyn,STMT018,highveld
1,2026-09-18,POS PURCHASE ENGEN SERVICE SERVICE STA LONG BEACH 9521*1526,-547.36,7121.45,True,engen service service sta long beach,STMT018,highveld
1,2026-09-19,POS PURCHASE ENGEN 8934*7690,-763.21,6358.24,True,engen,STMT018,highveld
1,2026-09-20,STOP SHOP,-572.15,5786.09,True,stop shop,STMT018,highveld
1,2026-09-21,CARD PURCHASE BOONE COUNTY WATER DST 8646*3795,-333.41,5452.68,True,boone county water dst,STMT018,highveld
1,2026-09-22,LK WITHDRWL CONVEN CENTURION FEE 2740*4818,-73.9,5378.78,True,lk withdrwl conven centurion fee,STMT018,highveld
2,2026-09-25,POS PURCHASE ROYAL FARMS ROYAL FARMS POLOKWANE,-160.72,5218.06,True,royal farms royal farms polokwane,STMT018,highveld
2,2026-09-25,SALARY BAOBAB CONSULTING,44200.0,49418.06,True,salary baobab consulting,STMT018,highveld
2,2026-09-26,TRANSFER TO SAVINGS,-2800.0,46618.06,True,transfer savings,STMT018,highveld
2,2026-09-26,POS PURCHASE FOOD 4562*4636,-728.66,45889.4,True,food,STMT018,highveld
2,2026-09-27,POS PURCHASE PICK PAY SUPER PEKIN ROSEBANK 5601*8320,-803.9,45085.5,True,pick pay super pekin rosebank,STMT018,highveld
2,2026-09-28,POS PURCHASE GRID 5914*1557,-264.9,44820.6,True,grid,STMT018,highveld
2,2026-09-28,POS PURCHASE ROAD TRAC RO 4600*5910 28 SEP,-142.19,44678.41,True,road trac ro,STMT018,highveld
2,2026-09-29,POS PURCHASE CARLS JR SANTA PAULA POLOKWANE 1687*9184 29 SEP,-184.93,44493.48,True,carls jr santa paula polokwane,STMT018,highveld
2,2026-09-29,ASTRON ENERGY SAGIN LANSING POLOKWANE 7433*1418,-657.16,43836.32,True,astron energy sagin lansing polokwane,STMT018,highveld
2,2026-09-30,MONTHLY ACCOUNT FEE,-75.0,43761.32,True,monthly account fee,STMT018,highveld
2,2026-09-30,POS PURCHASE PLAZA BAGELS DELI CLIFTON ROSEBANK 4807*8560 30 SEP,-97.3,43664.02,True,plaza bagels deli clifton rosebank,STMT018,highveld
1,2026-08-01,POS PURCHASE WOOLWORTHS COM PARKWAYDATE 1473*4446,-148.68,30904.25,True,woolworths com parkwaydate,STMT019,protea
1,2026-08-01,SCHOOL FEES DEPT EDUC TEXTBOOKS 6305*8417,-742.74,30161.51,True,school fees dept educ textbooks,STMT019,protea
1,2026-08-01,INTERNET PMT TO ACI POWER LIG 1366*9068 01 AUG,-1909.89,28251.62,True,aci power lig,STMT019,protea
1,2026-08-02,DEBIT ORDER ESKOM 7859*6308,-3428.8,24822.82,True,eskom,STMT019,protea
1,2026-08-02,MAGTAPE DEBIT EKURHULENI ELECTRICITY DUKE PYMNT,-1688.53,23134.29,True,ekurhuleni electricity duke pymnt,STMT019,protea
1,2026-08-03,CARD PURCHASE CHECKERS 5419*5839,-1224.48,21909.81,True,checkers,STMT019,protea
1,2026-08-03,POS PURCHASE RAISING CANES CAPE TOWN 03 AUG,-172.86,21736.95,True,raising canes cape town,STMT019,protea
1,2026-08-03,MAGTAPE DEBIT AMPATH LAB 7949*9458,-1797.51,19939.44,True,ampath lab,STMT019,protea
1,2026-08-03,MURPHY ATWALMART BLOEMFONTEIN DATE 1838*6529,-1055.16,18884.28,True,murphy atwalmart bloemfontein date,STMT019,protea
1,2026-08-04,ASTRON ENERGY 9053*1921 04 AUG,-270.95,18613.33,True,astron energy,STMT019,protea
1,2026-08-05,CARD PURCHASE AMZN MKTP TA AMZN COM PRETORIA,-692.17,17921.16,True,amzn mktp ta amzn com pretoria,STMT019,protea
1,2026-08-06,SPOTIFY 06 AUG,-160.98,17760.18,True,spotify,STMT019,protea
1,2026-08-06,POS PURCHASE CHECKERS HYPER SUP DEER PARK CASH 7416*1174,-3389.84,14370.34,True,checkers hyper sup deer park cash,STMT019,protea
1,2026-08-07,EFT PAYMENT UTILITIES FEE 6286*7299 07 AUG,-135.39,14234.95,True,utilities fee,STMT019,protea
1,2026-08-08,CARD PURCHASE DEBONAIRS PIZZA COLORADO SPR KYLE KJAER 3345*2021,-337.97,13896.98,True,debonairs pizza colorado spr kyle kjaer,STMT019,protea
1,2026-08-09,POS PURCHASE MONTESSORI PRE SCHOOL EXAM FEES CAPE TOWN,-3839.13,10057.85,True,montessori pre school exam fees cape town,STMT019,protea
1,2026-08-10,POS PURCHASE NANDOS MENLYN 5492*2375 10 AUG,-25.9,10031.95,True,nandos menlyn,STMT019,protea
1,2026-08-10,SHOPRITE BOSSIER CITY PRETORIA 7427*8100,-224.97,9806.98,True,shoprite bossier city pretoria,STMT019,protea
1,2026-08-10,CARD PURCHASE ATM FEE,-47.42,9759.56,True,atm fee,STMT019,protea
1,2026-08-11,POS PURCHASE GLENDALE,-640.01,9119.55,True,glendale,STMT019,protea
1,2026-08-11,POS PURCHASE MORGAN GASOLIN MORGAN GASOLINE WHITTIER,-99.55,9020.0,True,morgan gasolin morgan gasoline whittier,STMT019,protea
1,2026-08-13,SHOPRITE MIDDLEBR KNOXVILLE PIN CENTURION 7112*5057 13 AUG,-210.72,8809.28,True,shoprite middlebr knoxville pin centurion,STMT019,protea
1,2026-08-13,POS PURCHASE PIQUA SPAR EXPRESS SOWETO 8957*9657,-155.37,8653.91,True,piqua spar express soweto,STMT019,protea
1,2026-08-13,POS PURCHASE TRIANGLE ASTRON ENERGY TIOGA TXUS,-286.73,8367.18,True,triangle astron energy tioga txus,STMT019,protea
1,2026-08-14,CARD PURCHASE RISE KINGDOMS CAPE TOWN 14 AUG,-21.41,8345.77,True,rise kingdoms cape town,STMT019,protea
1,2026-08-14,SPAR SUP BEREA PIN 1368*5668,-1141.39,7204.38,True,spar sup berea pin,STMT019,protea
1,2026-08-14,CARD PURCHASE FOOD LOVERS MARKET MIDRAND 1889*7212,-314.96,6889.42,True,food lovers market midrand,STMT019,protea
1,2026-08-15,CARD PURCHASE WOOLWORTHS FOOD 15 AUG,-584.45,6304.97,True,woolworths food,STMT019,protea
1,2026-08-15,POS PURCHASE PIZZA HUT 15 AUG,-545.41,5759.56,True,pizza hut,STMT019,protea
1,2026-08-16,ATM FEE,-47.42,5712.14,True,atm fee,STMT019,protea
1,2026-08-18,MUGG BEAN 18 AUG,-50.35,5661.79,True,mugg bean,STMT019,protea
1,2026-08-18,RD STREET MINI MART BETHLEHEM PADATE PRETORIA,-260.73,5401.06,True,rd street mini mart bethlehem padate pretoria,STMT019,protea
1,2026-08-18,POS PURCHASE CAVA PIKE PLZ VIENNA BLOEMFONTEIN 8261*8812,-207.8,5193.26,True,cava pike plz vienna bloemfontein,STMT019,protea
1,2026-08-18,AFFORDABLE COMPUTERS DALTON 18 AUG,-295.67,4897.59,True,affordable computers dalton,STMT019,protea
1,2026-08-20,POS PURCHASE AMAZON PRIME VI GN,-96.36,4801.23,True,amazon prime vi gn,STMT019,protea
2,2026-08-21,POS PURCHASE DATE EAST GARDEN VILLE MENLYN 5736*8739,-478.78,4322.45,True,date east garden ville menlyn,STMT019,protea
2,2026-08-22,POS PURCHASE ZAXBY OCOEE DURBAN 7700*2822,-490.83,3831.62,True,zaxby ocoee durban,STMT019,protea
2,2026-08-22,WOOLWORTHS FOOD COM 22 AUG,-339.04,3492.58,True,woolworths food com,STMT019,protea
2,2026-08-24,POS PURCHASE BOXER SUP BEREA PIN DURBAN,-472.86,3019.72,True,boxer sup berea pin durban,STMT019,protea
2,2026-08-25,SALARY BAOBAB CONSULTING,38900.0,41919.72,True,salary baobab consulting,STMT019,protea
2,2026-08-25,POS PURCHASE PUBLIX SNELLVILLE 2273*5592,-219.1,41700.62,True,publix snellville,STMT019,protea
2,2026-08-26,TRANSFER TO SAVINGS,-1000.0,40700.62,True,transfer savings,STMT019,protea
2,2026-08-26,CARD PURCHASE CELL RATES TAXES,-689.63,40010.99,True,cell rates taxes,STMT019,protea
2,2026-08-27,POS PURCHASE SPAFF ENSORIN SANDTON 5518*9604 27 AUG,-218.12,39792.87,True,spaff ensorin sandton,STMT019,protea
2,2026-08-28,CARD PURCHASE SHELL BRILLION CENTURION 28 AUG,-740.64,39052.23,True,shell brillion centurion,STMT019,protea
2,2026-08-28,POS PURCHASE PUBLIX SUPER PUBLIX SUPER COCONUT 5405*9268,-1693.7,37358.53,True,publix super publix super coconut,STMT019,protea
2,2026-08-30,POS PURCHASE STEERS SAVANNAH RANDBURG 7703*9784 30 AUG,-291.43,37067.1,True,steers savannah randburg,STMT019,protea
2,2026-08-31,MONTHLY ACCOUNT FEE,-65.0,37002.1,True,monthly account fee,STMT019,protea
2,2026-08-31,POS PURCHASE MUGG BEAN,-220.52,36781.58,True,mugg bean,STMT019,protea
2,2026-08-31,POS PURCHASE UTILITIES FEE MIDRAND,-136.92,36644.66,True,utilities fee midrand,STMT019,protea
1,2026-05-01,SHELL,-170.21,36595.84,True,shell,STMT020,karoo
1,2026-05-01,POS PURCHASE TOTALENERGIES 2242*3578,-1117.35,35478.49,True,totalenergies,STMT020,karoo
1,2026-05-02,MAGTAPE DEBIT MONTESSORI PRE SCHOOL STUDENT FEES 7148*5259 02 MAY,-14606.98,20871.51,True,montessori pre school student fees,STMT020,karoo
1,2026-05-03,DEBIT ORDER ESKOM DATA BUNDLE HATFIELD 3702*8781,-1030.47,19841.04,True,eskom data bundle hatfield,STMT020,karoo
1,2026-05-03,INTERNET PMT TO ACI POWER LIG 1762*9625,-1993.49,17847.55,True,aci power lig,STMT020,karoo
1,2026-05-04,EFT PAYMENT JOHANNESBURG WATER PAYMEN,-102.25,17745.3,True,johannesburg water paymen,STMT020,karoo
1,2026-05-04,EFT PAYMENT AMPATH LAB CONSULTATION 1437*4722,-204.69,17540.61,True,ampath lab consultation,STMT020,karoo
1,2026-05-04,POS PURCHASE SPAR SUP 04 MAY,-219.3,17321.31,True,spar sup,STMT020,karoo
1,2026-05-05,POS PURCHASE WAL CHECKERS WAL SAMS BRIDGEVIEW,-1674.87,15646.44,True,wal checkers wal sams bridgeview,STMT020,karoo
1,2026-05-05,CARD PURCHASE SALAD HTTPSSALADAND 05 MAY,-139.89,15506.55,True,salad httpssaladand,STMT020,karoo
1,2026-05-05,POS PURCHASE CKO PATREON 8419*6881,-72.75,15433.8,True,cko patreon,STMT020,karoo
1,2026-05-06,CARD PURCHASE WOOLWORTHS FOOD COM ROSEBANK 7511*7529 06 MAY,-224.97,15208.83,True,woolworths food com rosebank,STMT020,karoo
1,2026-05-07,POS PURCHASE WOOLWORTHS FOOD DURBAN,-547.6,14661.23,True,woolworths food durban,STMT020,karoo
1,2026-05-07,MAGTAPE DEBIT AMPATH LAB SCRIPT JOHANNESBURG 07 MAY,-303.97,14357.26,True,ampath lab script johannesburg,STMT020,karoo
1,2026-05-07,POS PURCHASE CHECKERS HYPER SUP DARIEN 6879*5922 07 MAY,-489.28,13867.98,True,checkers hyper sup darien,STMT020,karoo
1,2026-05-08,SWIFT SHOP 5811*3609,-1072.15,12795.83,True,swift shop,STMT020,karoo
1,2026-05-08,CARD PURCHASE WENDYS JOHANNESBURG,-110.45,12685.38,True,wendys johannesburg,STMT020,karoo
1,2026-05-09,PICK PAY MIDRAND,-191.1,12494.28,True,pick pay midrand,STMT020,karoo
1,2026-05-09,ATM FEE JOHANNESBURG 5309*2971,-47.42,12446.86,True,atm fee johannesburg,STMT020,karoo
1,2026-05-10,CARD PURCHASE ALLPOINT ATM ASTRON ENERGY CRAYCROFT RD CENTURION,-676.79,11770.07,True,allpoint atm astron energy craycroft rd centurion,STMT020,karoo
1,2026-05-10,POS PURCHASE TOTALENERGIES CIRCLEVILLE PRETORIA 1986*7159,-251.16,11518.91,True,totalenergies circleville pretoria,STMT020,karoo
1,2026-05-12,POS PURCHASE WOOLWORTHS FOOD BOSSIER CITY 7681*6647,-146.6,11372.31,True,woolworths food bossier city,STMT020,karoo
1,2026-05-12,POS PURCHASE CAVA PIKE PLZ VIENNA,-268.93,11103.38,True,cava pike plz vienna,STMT020,karoo
1,2026-05-13,POS PURCHASE JIMMY JOHNS GREENWOOD VILCO 9723*8784 13 MAY,-170.69,10932.69,True,jimmy johns greenwood vilco,STMT020,karoo
1,2026-05-14,CARD PURCHASE CHECKERS SUP BEAUMONT JOHANNESBURG 7807*8628,-891.91,10040.78,True,checkers sup beaumont johannesburg,STMT020,karoo
1,2026-05-15,POS PURCHASE FOOD LOVERS MARKET BOSSIER CITY 4887*8914,-129.86,9910.92,True,food lovers market bossier city,STMT020,karoo
1,2026-05-15,ASPCA PET INS PET INSUR,-525.18,9385.74,True,aspca pet ins pet insur,STMT020,karoo
1,2026-05-16,SPUR BENTON HARBOR MIUS SOWETO,-108.31,9277.43,True,spur benton harbor mius soweto,STMT020,karoo
1,2026-05-17,POS PURCHASE ATM FEE 9964*1054,-47.42,9230.01,True,atm fee,STMT020,karoo
1,2026-05-18,BOONE COUNTY WATER DST 18 MAY,-318.82,8911.19,True,boone county water dst,STMT020,karoo
2,2026-05-18,CARD PURCHASE FIS NEIGHBORHOOD NEIGHBORHOOD GAS MINNEAPOLIS 3126*4118 18 MAY,-560.04,8351.15,True,fis neighborhood neighborhood gas minneapolis,STMT020,karoo
2,2026-05-19,CARD PURCHASE CHECKERS HYPER SUP BEACH 8874*5431 19 MAY,-292.76,8058.39,True,checkers hyper sup beach,STMT020,karoo
2,2026-05-20,POS PURCHASE ATM FEE PRETORIA 2175*8148 20 MAY,-96.96,7961.43,True,atm fee pretoria,STMT020,karoo
2,2026-05-21,POS PURCHASE CRB BEST EGG 21 MAY,-1256.19,6705.24,True,crb best egg,STMT020,karoo
2,2026-05-21,CKO PATREON DURBAN,-33.71,6671.53,True,cko patreon durban,STMT020,karoo
2,2026-05-21,CARD PURCHASE CHECKERS HYPER SUP 21 MAY,-913.27,5758.26,True,checkers hyper sup,STMT020,karoo
2,2026-05-21,POS PURCHASE CKO PATREON JOHANNESBURG 9149*1172 21 MAY,-65.27,5692.99,True,cko patreon johannesburg,STMT020,karoo
2,2026-05-24,POS PURCHASE ESKOM RATES TAXES BLOEMFONTEIN,-1759.19,3933.8,True,eskom rates taxes bloemfontein,STMT020,karoo
2,2026-05-25,SALARY BAOBAB CONSULTING,44400.0,48333.8,True,salary baobab consulting,STMT020,karoo
2,2026-05-25,PICK PAY MIDDLEBR KNOXVILLE PIN BLOEMFONTEIN 7718*6373,-240.45,48093.35,True,pick pay middlebr knoxville pin bloemfontein,STMT020,karoo
2,2026-05-27,CARD PURCHASE OCULUS 1169*7943,-215.5,47877.85,True,oculus,STMT020,karoo
2,2026-05-27,MUGG BEAN,-98.95,47778.9,True,mugg bean,STMT020,karoo
2,2026-05-27,POS PURCHASE PICK PAY PROSPER,-145.85,47633.05,True,pick pay prosper,STMT020,karoo
2,2026-05-28,POS PURCHASE WITHDRWL PHILLIPS FOO CAPE TOWN FEE,-176.03,47457.02,True,withdrwl phillips foo cape town fee,STMT020,karoo
2,2026-05-28,MOUNTAIN SPAR EXPRESS ATTALLA 5697*3692,-149.7,47307.32,True,mountain spar express attalla,STMT020,karoo
2,2026-05-31,MONTHLY ACCOUNT FEE,-75.0,47232.32,True,monthly account fee,STMT020,karoo
1,2026-09-01,CARD PURCHASE INTERNATIONAL SERVICE ASSESSMENTDATE INTL TRN FEE SANDTON 4823*7542,-16.74,15698.3,True,international service assessmentdate intl trn fee sandton,STMT021,highveld
1,2026-09-01,CARD PURCHASE FOOD LION RALEIGH,-673.01,15025.29,True,food lion raleigh,STMT021,highveld
1,2026-09-01,CARD PURCHASE OCULUS SOWETO 4790*8708,-264.88,14760.41,True,oculus soweto,STMT021,highveld
1,2026-09-01,DEBIT ORDER DIRECT ALABAMA POWER GDS 01 SEP,-1123.76,13636.65,True,direct alabama power gds,STMT021,highveld
1,2026-09-02,DEBIT ORDER ESKOM DATA BUNDLE 8319*1777,-896.67,12739.98,True,eskom data bundle,STMT021,highveld
1,2026-09-02,POS PURCHASE STEERS WACO DELIA SOTO JOHANNESBURG 1344*2002 02 SEP,-77.52,12662.46,True,steers waco delia soto johannesburg,STMT021,highveld
1,2026-09-02,MAGTAPE DEBIT GPC GPC EBILL 9697*6511 02 SEP,-2011.43,10651.03,True,gpc gpc ebill,STMT021,highveld
1,2026-09-03,MAGTAPE DEBIT CITY TSHWANE RATES PAYMEN CAPE TOWN 03 SEP,-102.25,10548.78,True,city tshwane rates paymen cape town,STMT021,highveld
1,2026-09-04,WOOLWORTHS FOOD 2935*2636,-770.95,9777.83,True,woolworths food,STMT021,highveld
1,2026-09-05,CARD PURCHASE SHELL JEFF HATFIELD 5801*3441,-514.27,9263.56,True,shell jeff hatfield,STMT021,highveld
1,2026-09-06,POS PURCHASE ENGEN GAS 8638*5172,-295.85,8967.71,True,engen gas,STMT021,highveld
1,2026-09-07,EFT PAYMENT VIRGIN ACTIVE SCRIPT,-455.39,8512.32,True,virgin active script,STMT021,highveld
1,2026-09-11,POS PURCHASE WW INT DIGITAL,-190.15,8322.17,True,ww int digital,STMT021,highveld
1,2026-09-13,CARD PURCHASE ATM FEE,-47.42,8274.75,True,atm fee,STMT021,highveld
1,2026-09-13,CARD PURCHASE DUCK DONUTS SUFFOL SUFFOLK 4940*6212,-330.79,7943.96,True,duck donuts suffol suffolk,STMT021,highveld
1,2026-09-13,CARD PURCHASE DAYBREAK MARKET BANNING RANDBURG,-136.81,7807.15,True,daybreak market banning randburg,STMT021,highveld
1,2026-09-14,POS PURCHASE KFC CENTURION,-78.21,7728.94,True,kfc centurion,STMT021,highveld
1,2026-09-14,POS PURCHASE SHELL 6141*9952,-220.39,7508.55,True,shell,STMT021,highveld
1,2026-09-14,FSI ESKOM LOCAL 14 SEP,-275.59,7232.96,True,fsi eskom local,STMT021,highveld
1,2026-09-17,ASTRON ENERGY 7128*2119,-317.37,6915.59,True,astron energy,STMT021,highveld
1,2026-09-17,CARD PURCHASE FOOD LION DURHAM 17 SEP,-107.16,6808.43,True,food lion durham,STMT021,highveld
1,2026-09-20,WOOLWORTHS FOOD,-375.64,6432.79,True,woolworths food,STMT021,highveld
1,2026-09-20,DEBONAIRS PIZZA PORT HUENEME MENLYN 4525*8873 20 SEP,-154.38,6278.41,True,debonairs pizza port hueneme menlyn,STMT021,highveld
1,2026-09-20,STORE BAYONNE,-212.56,6065.85,True,store bayonne,STMT021,highveld
1,2026-09-21,POS PURCHASE NETFLIX DATE 9932*1314 21 SEP,-93.88,5971.97,True,netflix date,STMT021,highveld
1,2026-09-22,POS PURCHASE PUBLIX ANDERSON HATFIELD,-375.64,5596.33,True,publix anderson hatfield,STMT021,highveld
1,2026-09-23,CARD PURCHASE PUBLIX SNELLVILLE 23 SEP,-239.09,5357.24,True,publix snellville,STMT021,highveld
1,2026-09-24,CARD PURCHASE DISCOVERY HEALTH 4625*9244,-378.74,4978.5,True,discovery health,STMT021,highveld
1,2026-09-25,CARD PURCHASE WOOLWORTHS HACKENSACK MIDRAND 6239*2224,-1856.71,3121.79,True,woolworths hackensack midrand,STMT021,highveld
1,2026-09-25,SALARY BLUE CRANE SYSTEMS,36900.0,40021.79,True,salary blue crane systems,STMT021,highveld
1,2026-09-29,POS PURCHASE INGLES GAS EXP SHELBY DURBAN 1594*7207 29 SEP,-832.24,39189.55,True,ingles gas exp shelby durban,STMT021,highveld
1,2026-09-30,MONTHLY ACCOUNT FEE,-69.0,39120.55,True,monthly account fee,STMT021,highveld
2,2026-09-30,POS PURCHASE ENGEN 2115*1008,-427.25,38693.3,True,engen,STMT021,highveld
1,2026-04-02,POS PURCHASE FOREIGN EXCHANGE RATE ADJUSTMENT FEE TAB CENTURION,-33.12,23073.69,True,foreign exchange rate adjustment fee tab centurion,STMT022,protea
1,2026-04-02,POS PURCHASE SHELL,-805.23,22268.46,True,shell,STMT022,protea
1,2026-04-03,INTERNET PMT TO GRID 5762*7818,-264.9,22003.56,True,grid,STMT022,protea
1,2026-04-04,TOTALENERGIES 9425*7975,-560.04,21443.52,True,totalenergies,STMT022,protea
1,2026-04-05,EFT PAYMENT FSI CITY POWER LOCAL MIDRAND 2710*4071 05 APR,-171.92,21271.6,True,fsi city power local midrand,STMT022,protea
1,2026-04-05,EFT PAYMENT VIRGIN ACTIVE CAPE TOWN,-167.8,21103.8,True,virgin active cape town,STMT022,protea
1,2026-04-05,CARD PURCHASE PIQUA FRIENDLY GROCER RANDBURG 05 APR,-310.44,20793.36,True,piqua friendly grocer randburg,STMT022,protea
1,2026-04-05,POS PURCHASE CHECKERS COM 8337*1151 05 APR,-508.4,20284.96,True,checkers com,STMT022,protea
1,2026-04-07,POS PURCHASE PICK PAY SUPER CEN NATCHEZ SANDTON,-486.82,19798.14,True,pick pay super cen natchez sandton,STMT022,protea
1,2026-04-07,INTERNET PMT TO FIRSTENERGY OPCO FE ECHECK 07 APR,-833.05,18965.09,True,firstenergy opco fe echeck,STMT022,protea
1,2026-04-07,POS PURCHASE HARTFIELD PIN,-127.19,18837.9,True,hartfield pin,STMT022,protea
1,2026-04-08,CARD PURCHASE BOXER LINCOLNTON MENLYN 1151*5018 08 APR,-489.81,18348.09,True,boxer lincolnton menlyn,STMT022,protea
1,2026-04-09,CARD PURCHASE ESKOM 09 APR,-625.13,17722.96,True,eskom,STMT022,protea
1,2026-04-10,POS PURCHASE CF UNITED LLC LOS ES 2166*9545,-322.36,17400.6,True,cf united llc los es,STMT022,protea
1,2026-04-11,OVERDRAFT FEE DETAILS PAYU PAGOSONLINE BOGOTA PESO EXCHG RTE SANDTON 3243*7141 11 APR,-370.75,17029.85,True,overdraft fee details payu pagosonline bogota peso exchg rte sandton,STMT022,protea
1,2026-04-12,POS PURCHASE KRISPY KREME 9263*6717,-122.32,16907.53,True,krispy kreme,STMT022,protea
1,2026-04-14,CARD PURCHASE FOOD LION NCHESTERFIELD PIN,-240.45,16667.08,True,food lion nchesterfield pin,STMT022,protea
1,2026-04-15,CARD PURCHASE SIGNATURE RICE LAKE RANDBURG 7110*7227,-304.21,16362.87,True,signature rice lake randburg,STMT022,protea
1,2026-04-15,RACEWAY PANAMA CITY,-354.66,16008.21,True,raceway panama city,STMT022,protea
1,2026-04-16,POS PURCHASE AMAZON PRIME QX,-223.43,15784.78,True,amazon prime qx,STMT022,protea
1,2026-04-18,CARD PURCHASE SHOPRITE BURLESON 4891*1414,-143.17,15641.61,True,shoprite burleson,STMT022,protea
1,2026-04-18,POS PURCHASE UNIVERSITY PRETORIA TUITION JOHANNESBURG 18 APR,-3479.31,12162.3,True,university pretoria tuition johannesburg,STMT022,protea
1,2026-04-18,POS PURCHASE TOTALENERGIES QPS 18 APR,-1084.41,11077.89,True,totalenergies qps,STMT022,protea
1,2026-04-18,POS PURCHASE ARBYS WEST WEST COLUMBIA ROSEBANK 8998*4270 18 APR,-295.84,10782.05,True,arbys west west columbia rosebank,STMT022,protea
1,2026-04-19,POS PURCHASE SCHOOL FEES DEPT EDUC TEXTBOOKS 4891*8727 19 APR,-5261.53,5520.52,True,school fees dept educ textbooks,STMT022,protea
1,2026-04-20,CARD PURCHASE TRADER JOE JOHANNESBURG 2993*3127,-200.22,5320.3,True,trader joe johannesburg,STMT022,protea
1,2026-04-20,CARD PURCHASE DBT CRD LOAF JUG PUEBLO BLOEMFONTEIN 3453*4553,-676.79,4643.51,True,dbt crd loaf jug pueblo bloemfontein,STMT022,protea
1,2026-04-21,POS PURCHASE ENGEN SERVICE STAT 5965*3508,-761.42,3882.09,True,engen service stat,STMT022,protea
1,2026-04-21,TIME PM DATE TOTALENERGIES SANDHU CLAYTON 4622*1096 21 APR,-1248.64,2633.45,True,time pm date totalenergies sandhu clayton,STMT022,protea
1,2026-04-22,POS PURCHASE VIDA CAFFE 22 APR,-40.37,2593.08,True,vida caffe,STMT022,protea
1,2026-04-22,POS PURCHASE CHECKERS HYPER SUPER CEN NATCHEZ 4653*6210,-454.18,2138.9,True,checkers hyper super cen natchez,STMT022,protea
1,2026-04-22,MERCHANT PICK PAY CENTER RD BURTON HATFIELD 6692*3596 22 APR,-86.85,2052.05,True,merchant pick pay center rd burton hatfield,STMT022,protea
2,2026-04-23,POS PURCHASE WINCO FOODS BAKERSFIELD CAUS,-543.97,1508.08,True,winco foods bakersfield caus,STMT022,protea
2,2026-04-23,ENGEN CONROE 4332*7581,-296.56,1211.52,True,engen conroe,STMT022,protea
2,2026-04-24,POS PURCHASE NORTHSIDE MARKET ROSEBANK 5212*1737 24 APR,-351.86,859.66,True,northside market rosebank,STMT022,protea
2,2026-04-24,POS PURCHASE WOOLWORTHS MIDRAND 6869*9977,-1377.91,-518.25,True,woolworths midrand,STMT022,protea
2,2026-04-24,ENGEN JOHANNESBURG 24 APR,-853.47,-1371.72,True,engen johannesburg,STMT022,protea
2,2026-04-24,POS PURCHASE ATM FEE 1355*4486,-47.42,-1419.14,True,atm fee,STMT022,protea
2,2026-04-25,POS PURCHASE MERCHANT TOTALENERGIES EXPRE FLINT JOHANNESBURG,-282.88,-1702.02,True,merchant totalenergies expre flint johannesburg,STMT022,protea
2,2026-04-25,SALARY BLUE CRANE SYSTEMS,23200.0,21497.98,True,salary blue crane systems,STMT022,protea
2,2026-04-27,CARD PURCHASE PROG DIRECT INS INS PREM POL HATFIELD,-933.47,20564.51,True,prog direct ins ins prem pol hatfield,STMT022,protea
2,2026-04-27,BLOEMFONTEIN LIFE INS PREM WEB,-290.0,20274.51,True,bloemfontein life ins prem web,STMT022,protea
2,2026-04-28,FOOD FOOD WHITTIER 3098*2632 28 APR,-403.87,19870.64,True,food food whittier,STMT022,protea
2,2026-04-28,POS PURCHASE MUGG BEAN HATFIELD,-176.42,19694.22,True,mugg bean hatfield,STMT022,protea
2,2026-04-30,MONTHLY ACCOUNT FEE,-65.0,19629.22,True,monthly account fee,STMT022,protea
1,2026-05-01,DEBIT ORDER AMPATH LAB CONSULTATION CAPE TOWN,-362.74,7569.29,True,ampath lab consultation cape town,STMT023,karoo
1,2026-05-01,POS PURCHASE DEBONAIRS PIZZA,-116.58,7452.71,True,debonairs pizza,STMT023,karoo
1,2026-05-03,POS PURCHASE MONTHLY MAINTENANCE FEE,-117.06,7335.65,True,monthly maintenance fee,STMT023,karoo
1,2026-05-04,POS PURCHASE PICK PAY MIDDLEBR KNOXVILLE PIN 04 MAY,-250.98,7084.67,True,pick pay middlebr knoxville pin,STMT023,karoo
1,2026-05-05,INTERNET PMT TO GRID BLOEMFONTEIN 1958*4884,-283.31,6801.36,True,grid bloemfontein,STMT023,karoo
1,2026-05-07,POS PURCHASE GIANT LANDOVER 07 MAY,-298.69,6502.67,True,giant landover,STMT023,karoo
1,2026-05-08,CARD PURCHASE MCDONALDS HOPEWELLVA,-123.3,6379.37,True,mcdonalds hopewellva,STMT023,karoo
1,2026-05-11,POS PURCHASE SPAR EXPRESS HARDEEVILLE PIN,-240.88,6138.49,True,spar express hardeeville pin,STMT023,karoo
1,2026-05-12,CHECKERS 6054*8959,-446.96,5691.53,True,checkers,STMT023,karoo
1,2026-05-12,POS PURCHASE DEBONAIRS PIZZA VILLE ORUS SOWETO,-137.54,5553.99,True,debonairs pizza ville orus soweto,STMT023,karoo
1,2026-05-14,CARD PURCHASE APPLE MUSIC,-125.66,5428.33,True,apple music,STMT023,karoo
1,2026-05-14,POS PURCHASE ACKERMANS DG ESPANOLA,-217.05,5211.28,True,ackermans dg espanola,STMT023,karoo
1,2026-05-15,POS PURCHASE WOOLWORTHS FOOD COM,-453.86,4757.42,True,woolworths food com,STMT023,karoo
1,2026-05-17,PAYPAL INST XFER SPOTIFYUSAI 7739*9435 17 MAY,-158.24,4599.18,True,paypal inst xfer spotifyusai,STMT023,karoo
1,2026-05-17,TOTALENERGIES SERVICE STAT 1506*5942,-629.04,3970.14,True,totalenergies service stat,STMT023,karoo
1,2026-05-18,POS PURCHASE ALLSTATE INS INS PREM 18 MAY,-188.62,3781.52,True,allstate ins ins prem,STMT023,karoo
1,2026-05-19,ROAD TRAC RO,-142.19,3639.33,True,road trac ro,STMT023,karoo
1,2026-05-20,POS PURCHASE MUGG BEAN 5272*2345,-97.89,3541.44,True,mugg bean,STMT023,karoo
1,2026-05-20,POS PURCHASE WOOLWORTHS FOOD JOHANNESBURG 6882*4955,-187.06,3354.38,True,woolworths food johannesburg,STMT023,karoo
1,2026-05-22,POS PURCHASE CHECKERS NITRO MARKETPLACE LANESWV,-230.68,3123.7,True,checkers nitro marketplace laneswv,STMT023,karoo
1,2026-05-24,MONTHLY MAINTENANCE FEE ROSEBANK 8726*2482 24 MAY,-117.06,3006.64,True,monthly maintenance fee rosebank,STMT023,karoo
1,2026-05-25,CARD PURCHASE CHECKERS COM,-289.82,2716.82,True,checkers com,STMT023,karoo
1,2026-05-25,POS PURCHASE WOOLWORTHS COM 25 MAY,-593.11,2123.71,True,woolworths com,STMT023,karoo
1,2026-05-25,CARD PURCHASE CHECKERS MIDDLEBR KNOXVILLE PIN RANDBURG 7573*6327 25 MAY,-173.45,1950.26,True,checkers middlebr knoxville pin randburg,STMT023,karoo
1,2026-05-25,SALARY SUNVELD ENGINEERING,25700.0,27650.26,True,salary sunveld engineering,STMT023,karoo
1,2026-05-26,CARD PURCHASE JETS PIZZA BOWLING GRE CAPE TOWN,-568.83,27081.43,True,jets pizza bowling gre cape town,STMT023,karoo
1,2026-05-26,ENGEN WEBER LAW SOWETO 6759*9821 26 MAY,-260.24,26821.19,True,engen weber law soweto,STMT023,karoo
1,2026-05-26,TRANSFER TO SAVINGS,-1700.0,25121.19,True,transfer savings,STMT023,karoo
1,2026-05-28,CARD PURCHASE DBT CRD LOAF JUG PUEBLO SANDTON 28 MAY,-884.08,24237.11,True,dbt crd loaf jug pueblo sandton,STMT023,karoo
1,2026-05-29,POS PURCHASE WOOLWORTHS FOOD 9969*4178,-1384.46,22852.65,True,woolworths food,STMT023,karoo
1,2026-05-29,CARD PURCHASE FORT WORTH 2896*9296,-704.97,22147.68,True,fort worth,STMT023,karoo
1,2026-05-29,POS PURCHASE KFC HATFIELD 4728*6231,-69.75,22077.93,True,kfc hatfield,STMT023,karoo
1,2026-05-30,POS PURCHASE WYOMING PETRO WYOMING PETRO CI DETROIT 1577*3621,-34.46,22043.47,True,wyoming petro wyoming petro ci detroit,STMT023,karoo
2,2026-05-31,MONTHLY ACCOUNT FEE,-99.0,21944.47,True,monthly account fee,STMT023,karoo
2,2026-05-31,POS PURCHASE ENGEN CH BOLLINGER CARROLLTON 6026*2517 31 MAY,-298.47,21646.0,True,engen ch bollinger carrollton,STMT023,karoo
2,2026-05-31,POS PURCHASE CASEYS SHOQCHISAGO MNUS JOHANNESBURG 4481*3485,-395.54,21250.46,True,caseys shoqchisago mnus johannesburg,STMT023,karoo
1,2026-09-01,POS PURCHASE ATM FEE CENTURION 3650*9617,-47.42,13864.74,True,atm fee centurion,STMT024,highveld
1,2026-09-01,CARD PURCHASE RANDBURG PIN 9368*7694,-136.45,13728.29,True,randburg pin,STMT024,highveld
1,2026-09-03,POS PURCHASE AFFORDABLE COMPUTERS DALTON DURBAN,-1188.74,12539.55,True,affordable computers dalton durban,STMT024,highveld
1,2026-09-03,SPROUTS FARMER SPROUTS FARMERS OAKLAND,-786.86,11752.69,True,sprouts farmer sprouts farmers oakland,STMT024,highveld
1,2026-09-04,POS PURCHASE SEATTLE COFFEE STORE FORT MYERS POLOKWANE 1559*1353,-64.18,11688.51,True,seattle coffee store fort myers polokwane,STMT024,highveld
1,2026-09-04,POS PURCHASE CHECKERS HYPER SUP BEREA PIN HATFIELD 9767*3415,-561.79,11126.72,True,checkers hyper sup berea pin hatfield,STMT024,highveld
1,2026-09-04,POS PURCHASE SHELL SERVICE SEVIERVILLE RANDBURG 1040*1824,-296.56,10830.16,True,shell service sevierville randburg,STMT024,highveld
1,2026-09-04,POS PURCHASE SASOL ALBERTVILLE ALUS 6082*9755,-318.71,10511.45,True,sasol albertville alus,STMT024,highveld
1,2026-09-05,CARD PURCHASE DIRECT FEE 1447*9029,-51.47,10459.98,True,direct fee,STMT024,highveld
1,2026-09-05,CARD PURCHASE MEDIRITE PHARMACY 3220*4641,-585.53,9874.45,True,medirite pharmacy,STMT024,highveld
1,2026-09-05,MAGTAPE DEBIT GRID MENLYN,-264.9,9609.55,True,grid menlyn,STMT024,highveld
1,2026-09-06,CARD PURCHASE WOOLWORTHS FOOD 5132*6768 06 SEP,-615.52,8994.03,True,woolworths food,STMT024,highveld
1,2026-09-06,POS PURCHASE SPAR,-730.44,8263.59,True,spar,STMT024,highveld
1,2026-09-08,CARD PURCHASE PIQUA PICK PAY EXPRESS 4642*3183 08 SEP,-347.32,7916.27,True,piqua pick pay express,STMT024,highveld
1,2026-09-08,POS PURCHASE DDA INGLES GAS EXP LIBERTY 9238*3948,-560.04,7356.23,True,dda ingles gas exp liberty,STMT024,highveld
1,2026-09-09,HARDEE 09 SEP,-110.81,7245.42,True,hardee,STMT024,highveld
1,2026-09-09,MONTHLY MAINTENANCE FEE 3257*3566,-138.88,7106.54,True,monthly maintenance fee,STMT024,highveld
1,2026-09-10,WOOLWORTHS FOOD WH PICO RIVERA ROSEBANK 10 SEP,-382.39,6724.15,True,woolworths food wh pico rivera rosebank,STMT024,highveld
1,2026-09-10,POS PURCHASE GAME SEAGOVILLE SOWETO,-433.47,6290.68,True,game seagoville soweto,STMT024,highveld
1,2026-09-11,POS PURCHASE MEDIRITE PHARMACY 11 SEP,-121.76,6168.92,True,medirite pharmacy,STMT024,highveld
1,2026-09-11,POS PURCHASE SPAR SUPER CENTER VISALIA 5885*7239 11 SEP,-316.22,5852.7,True,spar super center visalia,STMT024,highveld
1,2026-09-12,CARD PURCHASE JEWEL OSCO POLOKWANE 3635*5460,-129.04,5723.66,True,jewel osco polokwane,STMT024,highveld
1,2026-09-13,POS PURCHASE ASTRON ENERGY HATFIELD 6641*4560,-614.89,5108.77,True,astron energy hatfield,STMT024,highveld
1,2026-09-13,CARD PURCHASE OIL SANDTON 7715*8934,-194.35,4914.42,True,oil sandton,STMT024,highveld
1,2026-09-14,ATM FEE,-47.42,4867.0,True,atm fee,STMT024,highveld
1,2026-09-15,MID BANK WITHDRWL LINCOLN TON FEE 2797*2604,-73.9,4793.1,True,mid bank withdrwl lincoln ton fee,STMT024,highveld
1,2026-09-16,CARD PURCHASE RD STREET MINI MART BETHLEHEM PADATE,-116.82,4676.28,True,rd street mini mart bethlehem padate,STMT024,highveld
1,2026-09-16,POS PURCHASE TRADER JOE TRADE LOS ES 4463*3200 16 SEP,-37.17,4639.11,True,trader joe trade los es,STMT024,highveld
1,2026-09-18,POS PURCHASE LUCKY WOOLWORTHS FOOD STORE HONOLULU HIUS MIDRAND,-891.34,3747.77,True,lucky woolworths food store honolulu hius midrand,STMT024,highveld
2,2026-09-19,POS PURCHASE SPAR SUP 2569*3220 19 SEP,-326.6,3421.17,True,spar sup,STMT024,highveld
2,2026-09-19,POS PURCHASE MONTHLY MAINTENANCE FEE,-184.99,3236.18,True,monthly maintenance fee,STMT024,highveld
2,2026-09-20,POS PURCHASE MICROSOFT 4564*1707,-219.05,3017.13,True,microsoft,STMT024,highveld
2,2026-09-20,CARD PURCHASE SPOTIFY CENTURION,-249.48,2767.65,True,spotify centurion,STMT024,highveld
2,2026-09-20,POS PURCHASE CUSTOMER,-1256.19,1511.46,True,customer,STMT024,highveld
2,2026-09-21,POS PURCHASE WOOLWORTHS FOOD DURBAN 8794*7558,-301.77,1209.69,True,woolworths food durban,STMT024,highveld
2,2026-09-23,POS PURCHASE ALLSTATE INS INS PREM 3172*8501,-760.52,449.17,True,allstate ins ins prem,STMT024,highveld
2,2026-09-24,ATM FEE PLUSTERM OLNEY AVE ASTORIA ORUS CAPE TOWN,-73.9,375.27,True,atm fee plusterm olney ave astoria orus cape town,STMT024,highveld
2,2026-09-25,SALARY BAOBAB CONSULTING,34500.0,34875.27,True,salary baobab consulting,STMT024,highveld
2,2026-09-25,POS PURCHASE VIDA CAFFE CAPE TOWN,-82.3,34792.97,True,vida caffe cape town,STMT024,highveld
2,2026-09-26,TRANSFER TO SAVINGS,-2700.0,32092.97,True,transfer savings,STMT024,highveld
2,2026-09-27,POS PURCHASE DEBONAIRS PIZZA WASHINGTON AVEHOLLAND MIUS,-87.92,32005.05,True,debonairs pizza washington aveholland mius,STMT024,highveld
2,2026-09-27,GOOGLE AFFINITY ROSEBANK 4839*9909,-227.23,31777.82,True,google affinity rosebank,STMT024,highveld
2,2026-09-28,REILLY AUTO THAYER BLOEMFONTEIN 3952*8149,-279.11,31498.71,True,reilly auto thayer bloemfontein,STMT024,highveld
2,2026-09-30,MONTHLY ACCOUNT FEE,-75.0,31423.71,True,monthly account fee,STMT024,highveld
1,2026-07-01,DBT CRD BP TOM GRANI NATCHEZ,-307.54,13570.37,True,dbt crd bp tom grani natchez,STMT025,protea
1,2026-07-01,ATM FEE SANDTON 01 JUL,-96.96,13473.41,True,atm fee sandton,STMT025,protea
1,2026-07-01,MAGTAPE DEBIT GRID,-544.39,12929.02,True,grid,STMT025,protea
1,2026-07-01,POS PURCHASE AMAZON PRIME JQ DBT CRD AMZN COM BILLWA POLOKWANE 7726*9614,-218.69,12710.33,True,amazon prime jq dbt crd amzn com billwa polokwane,STMT025,protea
1,2026-07-02,POS PURCHASE SPOTIFY 02 JUL,-223.43,12486.9,True,spotify,STMT025,protea
1,2026-07-04,CARD PURCHASE SEATTLE COFFEE VIRGINIA BEACVA POLOKWANE 04 JUL,-56.47,12430.43,True,seattle coffee virginia beacva polokwane,STMT025,protea
1,2026-07-05,POS PURCHASE PRIZEPICKS,-130.99,12299.44,True,prizepicks,STMT025,protea
1,2026-07-05,POS PURCHASE MEDIRITE PHARMACY SCRIPT POLOKWANE,-731.11,11568.33,True,medirite pharmacy script polokwane,STMT025,protea
1,2026-07-06,POS PURCHASE DDA DEBONAIRS PIZZA MONTROSE 06 JUL,-95.03,11473.3,True,dda debonairs pizza montrose,STMT025,protea
1,2026-07-06,DEBIT ORDER EGOLI GAS 06 JUL,-2449.43,9023.87,True,egoli gas,STMT025,protea
1,2026-07-06,CARD PURCHASE MONTHLY MAINTENANCE FEE,-117.06,8906.81,True,monthly maintenance fee,STMT025,protea
1,2026-07-07,LOCK HAVEN PIN SOWETO 2700*1498 07 JUL,-391.73,8515.08,True,lock haven pin soweto,STMT025,protea
1,2026-07-08,POS PURCHASE PICK PAY MIDDLEBR KNOXVILLE PIN,-110.51,8404.57,True,pick pay middlebr knoxville pin,STMT025,protea
1,2026-07-08,SPAR SUP,-204.47,8200.1,True,spar sup,STMT025,protea
1,2026-07-09,POS PURCHASE PLAZA BAGELS DELI CLIFTON 5836*1575,-97.3,8102.8,True,plaza bagels deli clifton,STMT025,protea
1,2026-07-09,POS PURCHASE GAS WOODBRIDGE 4180*9994,-1352.97,6749.83,True,gas woodbridge,STMT025,protea
1,2026-07-10,CARD PURCHASE CATAMOUNT TR CULLOWHEE 7189*5650 10 JUL,-50.46,6699.37,True,catamount tr cullowhee,STMT025,protea
1,2026-07-11,POS PURCHASE MUGG BEAN MIDRAND,-37.2,6662.17,True,mugg bean midrand,STMT025,protea
1,2026-07-11,MONTHLY MAINTENANCE FEE 9677*3048 11 JUL,-184.99,6477.18,True,monthly maintenance fee,STMT025,protea
1,2026-07-13,POS PURCHASE PORTLAND ORUS 4903*3781,-442.57,6034.61,True,portland orus,STMT025,protea
1,2026-07-14,POS PURCHASE STEERS 9494*1665,-38.0,5996.61,True,steers,STMT025,protea
1,2026-07-14,CARD PURCHASE ASTRON ENERGY 14 JUL,-1191.71,4804.9,True,astron energy,STMT025,protea
1,2026-07-16,POS PURCHASE SASOL SERVICE STATIGREEN BAY WIUS MENLYN,-456.84,4348.06,True,sasol service statigreen bay wius menlyn,STMT025,protea
1,2026-07-18,POS PURCHASE FOOD LOVERS MARKET INDIANAPOLIS CAPE TOWN 4191*7801,-715.5,3632.56,True,food lovers market indianapolis cape town,STMT025,protea
1,2026-07-18,NANDOS PRETORIA 1233*4556,-169.04,3463.52,True,nandos pretoria,STMT025,protea
1,2026-07-20,POS PURCHASE CAR WASH MALL 2516*8842,-210.05,3253.47,True,car wash mall,STMT025,protea
1,2026-07-20,POS PURCHASE AMAZON PRIME TL 9499*9212 20 JUL,-228.1,3025.37,True,amazon prime tl,STMT025,protea
1,2026-07-22,TIKTOK TIKTOK SINGAPORE DURBAN 2886*5729,-680.39,2344.98,True,tiktok tiktok singapore durban,STMT025,protea
1,2026-07-22,POS PURCHASE DANDY MINI MART 4457*2089,-113.64,2231.34,True,dandy mini mart,STMT025,protea
1,2026-07-25,SALARY MOTSWEDI HOLDINGS,36600.0,38831.34,True,salary motswedi holdings,STMT025,protea
1,2026-07-25,POS PURCHASE PORTLAND ORUS 2716*3600,-324.66,38506.68,True,portland orus,STMT025,protea
1,2026-07-26,SPOTIFY PRETORIA 5664*4344 26 JUL,-161.14,38345.54,True,spotify pretoria,STMT025,protea
1,2026-07-26,CARD PURCHASE AMAZON PRIME TH XV RX AMZN COM BILLWA,-198.19,38147.35,True,amazon prime th xv rx amzn com billwa,STMT025,protea
1,2026-07-28,CASH MR PRICE DG ATTALLA RANDBURG 28 JUL,-270.59,37876.76,True,cash mr price dg attalla randburg,STMT025,protea
1,2026-07-29,POS PURCHASE RISE KINGDOMS 29 JUL,-65.27,37811.49,True,rise kingdoms,STMT025,protea
2,2026-07-29,CARD PURCHASE CITY FOODS CLEVELAND POLOKWANE,-147.41,37664.08,True,city foods cleveland polokwane,STMT025,protea
2,2026-07-30,POS PURCHASE MAC ENGEN SHRA ELIZABETH 6408*1102,-537.43,37126.65,True,mac engen shra elizabeth,STMT025,protea
2,2026-07-31,MONTHLY ACCOUNT FEE,-69.0,37057.65,True,monthly account fee,STMT025,protea
1,2026-07-01,GRAND MARKET APPLE VALLEY 3933*1966,-332.67,18152.6,True,grand market apple valley,STMT026,karoo
1,2026-07-01,POS PURCHASE CREDITNINJA MENLYN 2170*9934 01 JUL,-714.3,17438.3,True,creditninja menlyn,STMT026,karoo
1,2026-07-02,POS PURCHASE MEDIRITE PHARMACY CONTRIBUTION 5826*8269,-129.39,17308.91,True,medirite pharmacy contribution,STMT026,karoo
1,2026-07-03,CARD PURCHASE SHELL SERVICE STATIGREEN BAY WIUS 7017*1971 03 JUL,-546.08,16762.83,True,shell service statigreen bay wius,STMT026,karoo
1,2026-07-04,STORE BAYONNE 9393*6547 04 JUL,-562.3,16200.53,True,store bayonne,STMT026,karoo
1,2026-07-04,POS PURCHASE FSI CITY TSHWANE ELECTRICITY LOCAL 04 JUL,-482.26,15718.27,True,fsi city tshwane electricity local,STMT026,karoo
1,2026-07-06,CARD PURCHASE ROMANS PIZZA,-371.65,15346.62,True,romans pizza,STMT026,karoo
1,2026-07-06,POS PURCHASE KOHLS,-354.39,14992.23,True,kohls,STMT026,karoo
1,2026-07-07,POS PURCHASE FSI CITY JOHANNESBURG LOCAL 7744*2574,-1037.85,13954.38,True,fsi city johannesburg local,STMT026,karoo
1,2026-07-07,STORE BAYONNE,-209.78,13744.6,True,store bayonne,STMT026,karoo
1,2026-07-09,POS PURCHASE SPOTIFY ROSEBANK 09 JUL,-160.48,13584.12,True,spotify rosebank,STMT026,karoo
1,2026-07-10,POS PURCHASE BP SAUK CENTRE MNUS 6530*8904,-622.43,12961.69,True,bp sauk centre mnus,STMT026,karoo
1,2026-07-10,CARD PURCHASE FOOD LION RALEIGH SOWETO 9364*6658 10 JUL,-1331.71,11629.98,True,food lion raleigh soweto,STMT026,karoo
1,2026-07-10,POS PURCHASE SHELL SERVICE SERVICE WESTLAND 2617*2355 10 JUL,-832.24,10797.74,True,shell service service westland,STMT026,karoo
1,2026-07-12,BOJANGLES JACKSONVILLE 4911*9863,-184.03,10613.71,True,bojangles jacksonville,STMT026,karoo
1,2026-07-12,KFC PRETORIA,-57.02,10556.69,True,kfc pretoria,STMT026,karoo
1,2026-07-13,WINCO FOODS BAKERSFIELD CAUS 5784*3606,-358.17,10198.52,True,winco foods bakersfield caus,STMT026,karoo
1,2026-07-14,ENGEN 1618*3496,-385.73,9812.79,True,engen,STMT026,karoo
1,2026-07-16,POS PURCHASE VILLAGE MARKET MENLYN 16 JUL,-168.54,9644.25,True,village market menlyn,STMT026,karoo
1,2026-07-17,POS PURCHASE COSTCO GAS FORT WORTH,-1267.76,8376.49,True,costco gas fort worth,STMT026,karoo
1,2026-07-18,POS PURCHASE SEATTLE COFFEE,-229.47,8147.02,True,seattle coffee,STMT026,karoo
1,2026-07-18,POS PURCHASE CHECKERS,-164.8,7982.22,True,checkers,STMT026,karoo
1,2026-07-19,POS PURCHASE BP 7917*6777,-1411.82,6570.4,True,bp,STMT026,karoo
1,2026-07-20,POS PURCHASE AMAZON PRIME MU SX AG AMZN COM BILLWA,-198.19,6372.21,True,amazon prime mu sx ag amzn com billwa,STMT026,karoo
1,2026-07-21,POS PURCHASE WOOLWORTHS COM RANDBURG 21 JUL,-349.7,6022.51,True,woolworths com randburg,STMT026,karoo
1,2026-07-22,POS PURCHASE STARS CHERRY HILL DURBAN,-130.99,5891.52,True,stars cherry hill durban,STMT026,karoo
1,2026-07-23,POS PURCHASE DBT CRD MURPHY ATWALMART COLUMBUSIN 6063*2120,-1040.12,4851.4,True,dbt crd murphy atwalmart columbusin,STMT026,karoo
1,2026-07-23,CARD PURCHASE CITY FOODS CLEVELAND 23 JUL,-231.28,4620.12,True,city foods cleveland,STMT026,karoo
1,2026-07-25,POS PURCHASE ASTRON ENERGY ROCHESTER CAPE TOWN 25 JUL,-866.22,3753.9,True,astron energy rochester cape town,STMT026,karoo
1,2026-07-25,SALARY BAOBAB CONSULTING,25000.0,28753.9,True,salary baobab consulting,STMT026,karoo
1,2026-07-25,ROAD TRAC RO ROSEBANK,-138.17,28615.73,True,road trac ro rosebank,STMT026,karoo
2,2026-07-27,POS PURCHASE NORTHSIDE MARKET 4460*9574,-220.78,28394.95,True,northside market,STMT026,karoo
2,2026-07-28,CHK PURCH PIN DEBONAIRS PIZZA JACKSON JOHANNESBURG,-225.22,28169.73,True,chk purch pin debonairs pizza jackson johannesburg,STMT026,karoo
2,2026-07-28,POS PURCHASE WAL PICK PAY SUPER LONGMONT 28 JUL,-45.33,28124.4,True,wal pick pay super longmont,STMT026,karoo
2,2026-07-28,POS PURCHASE MUGG BEAN KARSHAN ALLEN 6316*4312 28 JUL,-130.99,27993.41,True,mugg bean karshan allen,STMT026,karoo
2,2026-07-29,KRISPY KREME DURBAN 7719*5710,-137.77,27855.64,True,krispy kreme durban,STMT026,karoo
2,2026-07-30,POS PURCHASE PICK PAY PROSPER POLOKWANE,-449.6,27406.04,True,pick pay prosper polokwane,STMT026,karoo
2,2026-07-31,MONTHLY ACCOUNT FEE,-99.0,27307.04,True,monthly account fee,STMT026,karoo
2,2026-07-31,POS PURCHASE DAYBREAK MARKET BANNING ROSEBANK,-254.03,27053.01,True,daybreak market banning rosebank,STMT026,karoo
1,2026-09-01,DEBIT ORDER CELL RANDBURG 3158*6722,-1414.12,28196.89,True,cell randburg,STMT027,highveld
1,2026-09-01,DDA PUR AFLAC JOHANNESBURG 01 SEP,-299.87,27897.02,True,dda pur aflac johannesburg,STMT027,highveld
1,2026-09-02,POS PURCHASE SILVERMAN THEOLOGO,-1201.6,26695.42,True,silverman theologo,STMT027,highveld
1,2026-09-02,POS PURCHASE DDA SHOPRITE SUP CENTRAL,-1850.16,24845.26,True,dda shoprite sup central,STMT027,highveld
1,2026-09-02,CARD PURCHASE MERCHANT MSAE AURORA 7514*4445,-172.02,24673.24,True,merchant msae aurora,STMT027,highveld
1,2026-09-03,MAGTAPE DEBIT SCHOOL FEES DEPT EDUC STUDENT FEES,-3003.92,21669.32,True,school fees dept educ student fees,STMT027,highveld
1,2026-09-04,CP PENNDOT RID BRIDGEVILLE 3261*6606,-480.24,21189.08,True,cp penndot rid bridgeville,STMT027,highveld
1,2026-09-05,POS PURCHASE SEATTLE COFFEE 6465*1187 05 SEP,-67.89,21121.19,True,seattle coffee,STMT027,highveld
1,2026-09-05,POS PURCHASE ATM FEE MENLYN 5760*6634,-96.96,21024.23,True,atm fee menlyn,STMT027,highveld
1,2026-09-06,POS PURCHASE SHOPRITE 9705*7820,-342.97,20681.26,True,shoprite,STMT027,highveld
1,2026-09-07,CARD PURCHASE ASTRON ENERGY GETGO,-389.67,20291.59,True,astron energy getgo,STMT027,highveld
1,2026-09-08,POS PURCHASE MICROSOFT,-233.53,20058.06,True,microsoft,STMT027,highveld
1,2026-09-08,POS PURCHASE SPOTIFY ROSEBANK 8584*2058,-125.66,19932.4,True,spotify rosebank,STMT027,highveld
1,2026-09-09,POS PURCHASE BP ROCHESTER 09 SEP,-603.24,19329.16,True,bp rochester,STMT027,highveld
1,2026-09-10,POS PURCHASE BIRKENSTOCK,-975.02,18354.14,True,birkenstock,STMT027,highveld
1,2026-09-10,POS PURCHASE ENGEN FALLS PADATE 5944*9179,-875.51,17478.63,True,engen falls padate,STMT027,highveld
1,2026-09-11,POS PURCHASE WOOLWORTHS FOOD BLOEMFONTEIN 8881*9833 11 SEP,-330.24,17148.39,True,woolworths food bloemfontein,STMT027,highveld
1,2026-09-11,POS PURCHASE WOOLWORTHS FOOD,-1296.07,15852.32,True,woolworths food,STMT027,highveld
1,2026-09-11,CARD PURCHASE CASH TOOT TOTUM AMARILLO PRETORIA 7179*4099,-797.32,15055.0,True,cash toot totum amarillo pretoria,STMT027,highveld
1,2026-09-12,POS PURCHASE CASEYS SHOQCHISAGO MNUS HATFIELD,-449.64,14605.36,True,caseys shoqchisago mnus hatfield,STMT027,highveld
1,2026-09-12,CARD PURCHASE RALPHS CANYON RIVERSIDE 7775*3923 12 SEP,-469.12,14136.24,True,ralphs canyon riverside,STMT027,highveld
1,2026-09-13,CARD PURCHASE SHELL 7487*5081 13 SEP,-283.24,13853.0,True,shell,STMT027,highveld
1,2026-09-14,POS PURCHASE PICK PAY AUBURN DURBAN,-1234.14,12618.86,True,pick pay auburn durban,STMT027,highveld
1,2026-09-16,POS PURCHASE SPOTIFY 7993*2279,-148.16,12470.7,True,spotify,STMT027,highveld
1,2026-09-16,CARD PURCHASE SAVE LOT,-686.86,11783.84,True,save lot,STMT027,highveld
1,2026-09-16,CARD PURCHASE TIME PM DATE ENGEN SERVICE STAPINEBLUFF SOWETO 7037*8405,-494.18,11289.66,True,time pm date engen service stapinebluff soweto,STMT027,highveld
1,2026-09-16,CARD PURCHASE BURGER HOLLYWOOD CAPE TOWN 6414*3585,-142.12,11147.54,True,burger hollywood cape town,STMT027,highveld
1,2026-09-19,POS PURCHASE CONVENIENCE MART CAPE TOWN 5438*1159 19 SEP,-219.95,10927.59,True,convenience mart cape town,STMT027,highveld
1,2026-09-20,POS PURCHASE FORT 2074*1690,-421.53,10506.06,True,fort,STMT027,highveld
1,2026-09-20,JACK CENTREVILLE 7056*4333,-363.75,10142.31,True,jack centreville,STMT027,highveld
1,2026-09-20,POS PURCHASE CELL 6348*4376 20 SEP,-287.88,9854.43,True,cell,STMT027,highveld
1,2026-09-21,POS PURCHASE SASOL HATFIELD 8143*4769,-98.74,9755.69,True,sasol hatfield,STMT027,highveld
2,2026-09-22,POS PURCHASE COF MERCHNT BIL 3803*5450,-1071.87,8683.82,True,cof merchnt bil,STMT027,highveld
2,2026-09-22,POS PURCHASE PICK PAY OXFORD CENTURION,-86.07,8597.75,True,pick pay oxford centurion,STMT027,highveld
2,2026-09-23,POS PURCHASE ENGEN,-1269.86,7327.89,True,engen,STMT027,highveld
2,2026-09-23,PICK PAY DAWSONVILLE 8305*7826,-391.16,6936.73,True,pick pay dawsonville,STMT027,highveld
2,2026-09-24,CARD PURCHASE SASOL 24 SEP,-1055.53,5881.2,True,sasol,STMT027,highveld
2,2026-09-24,CARD PURCHASE PRIZEPICKS 5432*4496 24 SEP,-130.99,5750.21,True,prizepicks,STMT027,highveld
2,2026-09-24,POS PURCHASE COURTESY PAY FEE 3635*7318,-284.13,5466.08,True,courtesy pay fee,STMT027,highveld
2,2026-09-25,SALARY MOTSWEDI HOLDINGS,34200.0,39666.08,True,salary motswedi holdings,STMT027,highveld
2,2026-09-25,CARD PURCHASE PICK PAY SUP 2191*9078,-546.35,39119.73,True,pick pay sup,STMT027,highveld
2,2026-09-25,POS PURCHASE AMPATH LAB CONTRIBUTION RANDBURG,-300.8,38818.93,True,ampath lab contribution randburg,STMT027,highveld
2,2026-09-25,POS PURCHASE BURGER KING CENTURION 25 SEP,-122.32,38696.61,True,burger king centurion,STMT027,highveld
2,2026-09-25,POS PURCHASE KRISPY KREME 2154*6462 25 SEP,-50.52,38646.09,True,krispy kreme,STMT027,highveld
2,2026-09-25,POS PURCHASE ATM FEE POLOKWANE 25 SEP,-47.42,38598.67,True,atm fee polokwane,STMT027,highveld
2,2026-09-26,DEBONAIRS PIZZA 26 SEP,-42.33,38556.34,True,debonairs pizza,STMT027,highveld
2,2026-09-26,TRANSFER TO SAVINGS,-2200.0,36356.34,True,transfer savings,STMT027,highveld
2,2026-09-27,ASTRON ENERGY 5259*3453,-358.77,35997.57,True,astron energy,STMT027,highveld
2,2026-09-27,POS PURCHASE CASEYS LAKE OZARK,-1167.49,34830.08,True,caseys lake ozark,STMT027,highveld
2,2026-09-28,TRADER JOE RANDBURG 5229*9498,-365.75,34464.33,True,trader joe randburg,STMT027,highveld
2,2026-09-29,CARD PURCHASE KRISPY KREME 29 SEP,-135.81,34328.52,True,krispy kreme,STMT027,highveld
2,2026-09-30,POS PURCHASE WOOLWORTHS FOOD COM 30 SEP,-1445.37,32883.15,True,woolworths food com,STMT027,highveld
2,2026-09-30,MONTHLY ACCOUNT FEE,-69.0,32814.15,True,monthly account fee,STMT027,highveld
1,2026-08-01,INTERNET PMT TO AMPATH LAB SOWETO 9888*1596,-66.61,12842.31,True,ampath lab soweto,STMT028,protea
1,2026-08-01,POS PURCHASE VIDA CAFFE,-117.93,12724.38,True,vida caffe,STMT028,protea
1,2026-08-01,POS PURCHASE BOXER MEMBERSHI PRETORIA 5820*5975 01 AUG,-199.57,12524.81,True,boxer membershi pretoria,STMT028,protea
1,2026-08-03,CHECKERS SUPER CENTER AMARILLO,-273.31,12251.5,True,checkers super center amarillo,STMT028,protea
1,2026-08-03,POS PURCHASE KFC DESTIN 2052*6153 03 AUG,-379.18,11872.32,True,kfc destin,STMT028,protea
1,2026-08-04,HANNAFORD BR BANGOR SOWETO 7537*2051,-241.45,11630.87,True,hannaford br bangor soweto,STMT028,protea
1,2026-08-04,DEBIT ORDER GRID,-219.84,11411.03,True,grid,STMT028,protea
1,2026-08-05,POS PURCHASE WITHDRWL PHILLIPS FOO CENTURION FEE 05 AUG,-176.03,11235.0,True,withdrwl phillips foo centurion fee,STMT028,protea
1,2026-08-06,MICROSOFT 4857*1585,-224.32,11010.68,True,microsoft,STMT028,protea
1,2026-08-07,POS PURCHASE WOOLWORTHS FOOD COM 1436*5103 07 AUG,-502.53,10508.15,True,woolworths food com,STMT028,protea
1,2026-08-08,TOTALENERGIES MENLYN,-700.03,9808.12,True,totalenergies menlyn,STMT028,protea
1,2026-08-09,POS PURCHASE JEWEL OSCO NEW LENOX JOHANNESBURG,-452.9,9355.22,True,jewel osco new lenox johannesburg,STMT028,protea
1,2026-08-09,POS PURCHASE MISSION SASOL MISSION SANTA ROSA PRETORIA 9426*2207,-773.71,8581.51,True,mission sasol mission santa rosa pretoria,STMT028,protea
1,2026-08-15,CARD PURCHASE ESKOM ACCOUNT 5798*8767 15 AUG,-1309.22,7272.29,True,eskom account,STMT028,protea
1,2026-08-15,FOOD LOVERS MARKET HATFIELD HATFIELD 7657*2980,-300.06,6972.23,True,food lovers market hatfield hatfield,STMT028,protea
1,2026-08-17,MONTHLY MAINTENANCE FEE POLOKWANE,-117.06,6855.17,True,monthly maintenance fee polokwane,STMT028,protea
1,2026-08-18,POS PURCHASE SHELL 4914*5518,-289.86,6565.31,True,shell,STMT028,protea
1,2026-08-19,POS PURCHASE RUTTER WINTERSTOWN RD RED LION 5588*1548,-152.15,6413.16,True,rutter winterstown rd red lion,STMT028,protea
1,2026-08-20,POS PURCHASE ACME PHILADELPHIA PADATE,-753.07,5660.09,True,acme philadelphia padate,STMT028,protea
1,2026-08-22,POS PURCHASE BURGER KING DEER PARK ROSEBANK 8998*1618,-39.96,5620.13,True,burger king deer park rosebank,STMT028,protea
1,2026-08-22,POS PURCHASE SP INNOSUPPS HTTPSWWW INNONV 1458*6545,-481.76,5138.37,True,sp innosupps httpswww innonv,STMT028,protea
1,2026-08-22,PIQUA SPAR EXPRESS PRETORIA,-244.33,4894.04,True,piqua spar express pretoria,STMT028,protea
1,2026-08-23,POS PURCHASE KWIK SANDTON 5008*8408,-298.85,4595.19,True,kwik sandton,STMT028,protea
1,2026-08-23,POS PURCHASE WOOLWORTHS FOOD,-142.6,4452.59,True,woolworths food,STMT028,protea
1,2026-08-25,SALARY IMPALA RETAIL GROUP,39500.0,43952.59,True,salary impala retail group,STMT028,protea
1,2026-08-26,TRANSFER TO SAVINGS,-800.0,43152.59,True,transfer savings,STMT028,protea
1,2026-08-28,DATE PLAYSTATION NETWOR 28 AUG,-679.19,42473.4,True,date playstation networ,STMT028,protea
1,2026-08-28,CARD PURCHASE PIN PURCH BP ENTE VALLEY 9318*4612,-653.57,41819.83,True,pin purch bp ente valley,STMT028,protea
1,2026-08-29,POS PURCHASE CHECKERS COM DURBAN 29 AUG,-634.04,41185.79,True,checkers com durban,STMT028,protea
1,2026-08-30,SHELL 8145*3035 30 AUG,-187.79,40998.0,True,shell,STMT028,protea
1,2026-08-31,MONTHLY ACCOUNT FEE,-99.0,40899.0,True,monthly account fee,STMT028,protea
1,2026-08-01,POS PURCHASE SEATTLE COFFEE POLOKWANE 01 AUG,-51.96,25616.09,True,seattle coffee polokwane,STMT029,karoo
1,2026-08-02,POS PURCHASE STARS CHERRY HILL ROSEBANK 02 AUG,-276.23,25339.86,True,stars cherry hill rosebank,STMT029,karoo
1,2026-08-02,POS PURCHASE RACETRAC RACETRAC SANDTON 5373*1960,-326.13,25013.73,True,racetrac racetrac sandton,STMT029,karoo
1,2026-08-02,POS PURCHASE MR FOOD LITTLECAE 02 AUG,-427.41,24586.32,True,mr food littlecae,STMT029,karoo
1,2026-08-02,POS PURCHASE SEATTLE COFFEE CENTURION,-147.27,24439.05,True,seattle coffee centurion,STMT029,karoo
1,2026-08-03,EFT PAYMENT CELL DATA BUNDLE ROSEBANK 5248*2225,-1126.5,23312.55,True,cell data bundle rosebank,STMT029,karoo
1,2026-08-03,CARD PURCHASE CREDITNINJA BLOEMFONTEIN 6545*2571 03 AUG,-714.3,22598.25,True,creditninja bloemfontein,STMT029,karoo
1,2026-08-04,DEBIT ORDER CRUMBL VENTURA JOHANNESBURG 04 AUG,-353.08,22245.17,True,crumbl ventura johannesburg,STMT029,karoo
1,2026-08-05,EFT PAYMENT COS UTILITIES EZPA 8822*6627 05 AUG,-1556.2,20688.97,True,cos utilities ezpa,STMT029,karoo
1,2026-08-05,INTERNET PMT TO MEDIRITE PHARMACY CONTRIBUTION JOHANNESBURG 8880*8387,-797.41,19891.56,True,medirite pharmacy contribution johannesburg,STMT029,karoo
1,2026-08-05,POS PURCHASE TOTALENERGIES 3608*2314 05 AUG,-718.67,19172.89,True,totalenergies,STMT029,karoo
1,2026-08-05,CARD PURCHASE BP GRAND GRAND BLANC SANDTON 2759*4648 05 AUG,-140.24,19032.65,True,bp grand grand blanc sandton,STMT029,karoo
1,2026-08-05,POS PURCHASE DDA PUR APPLE COM,-140.07,18892.58,True,dda pur apple com,STMT029,karoo
1,2026-08-06,INTERNET PMT TO CITY TSHWANE ELECTRICITY 3462*4140,-3830.85,15061.73,True,city tshwane electricity,STMT029,karoo
1,2026-08-07,POS PURCHASE MUGG BEAN BOLINGBROOK 07 AUG,-136.43,14925.3,True,mugg bean bolingbrook,STMT029,karoo
1,2026-08-09,POS PURCHASE LONE STAR TRAVEL HIGHWAY ROBSTOWN 1388*3722,-390.91,14534.39,True,lone star travel highway robstown,STMT029,karoo
1,2026-08-09,MICROSOFT MICROSMSBILL INFO 09 AUG,-144.71,14389.68,True,microsoft microsmsbill info,STMT029,karoo
1,2026-08-11,POS PURCHASE STEERS HOPEWELLVA,-196.6,14193.08,True,steers hopewellva,STMT029,karoo
1,2026-08-11,CARD PURCHASE ATM FEE 11 AUG,-96.96,14096.12,True,atm fee,STMT029,karoo
1,2026-08-11,CARD PURCHASE CHECKERS COM 4822*8062,-239.66,13856.46,True,checkers com,STMT029,karoo
1,2026-08-12,POS PURCHASE FOREIGN EXCHANGE RATE ADJUSTMENT FEE POLOKWANE 6377*8648,-34.45,13822.01,True,foreign exchange rate adjustment fee polokwane,STMT029,karoo
1,2026-08-13,SP COLLARS HTTPS SKAL SANDTON 13 AUG,-573.16,13248.85,True,sp collars https skal sandton,STMT029,karoo
1,2026-08-13,POS PURCHASE SASOL SOWETO 2338*9680,-1913.82,11335.03,True,sasol soweto,STMT029,karoo
1,2026-08-14,CARD PURCHASE KFC LYNCHBURG MENLYN 14 AUG,-155.55,11179.48,True,kfc lynchburg menlyn,STMT029,karoo
1,2026-08-14,CARD PURCHASE PROGRESSIVE 5582*8604,-1682.7,9496.78,True,progressive,STMT029,karoo
1,2026-08-14,CARD PURCHASE ENGEN HOLLYWOOD 6084*6096 14 AUG,-2175.55,7321.23,True,engen hollywood,STMT029,karoo
1,2026-08-14,POS PURCHASE WOOLWORTHS WINCHESTER PIN,-1951.37,5369.86,True,woolworths winchester pin,STMT029,karoo
1,2026-08-15,STARS CHERRY HILL HATFIELD 8365*4945 15 AUG,-276.23,5093.63,True,stars cherry hill hatfield,STMT029,karoo
1,2026-08-15,POS PURCHASE ELECTRONIC ML PLUS MEMBRSHP MONEYLION 8208*2518,-114.3,4979.33,True,electronic ml plus membrshp moneylion,STMT029,karoo
1,2026-08-15,CARD PURCHASE VIRGIN ACTIVE SANDTON 15 AUG,-192.77,4786.56,True,virgin active sandton,STMT029,karoo
1,2026-08-15,POS PURCHASE VIDA CAFFE 8963*6925,-63.16,4723.4,True,vida caffe,STMT029,karoo
2,2026-08-16,CARD PURCHASE SP FASHIONNOVA SOWETO 7502*1691,-557.04,4166.36,True,sp fashionnova soweto,STMT029,karoo
2,2026-08-16,GULF GROSVENORDA NORTH GROSVEN 5369*3046,-560.04,3606.32,True,gulf grosvenorda north grosven,STMT029,karoo
2,2026-08-16,CARD PURCHASE SHELL,-347.7,3258.62,True,shell,STMT029,karoo
2,2026-08-18,PICK PAY,-393.17,2865.45,True,pick pay,STMT029,karoo
2,2026-08-18,CARD PURCHASE CHICKEN LICKEN WALLIS PRETORIA 18 AUG,-195.12,2670.33,True,chicken licken wallis pretoria,STMT029,karoo
2,2026-08-19,POS PURCHASE STEAMGAMES COM 19 AUG,-52.96,2617.37,True,steamgames com,STMT029,karoo
2,2026-08-19,CARD PURCHASE BP GASDENTON,-354.69,2262.68,True,bp gasdenton,STMT029,karoo
2,2026-08-21,WAL PICK PAY SUPER ROSEBANK,-217.22,2045.46,True,wal pick pay super rosebank,STMT029,karoo
2,2026-08-21,POS PURCHASE AMPATH LAB CONSULTATION 3481*9278 21 AUG,-1835.89,209.57,True,ampath lab consultation,STMT029,karoo
2,2026-08-21,CARD PURCHASE MUGG BEAN STORE SOLEDAD 7927*7811 21 AUG,-157.82,51.75,True,mugg bean store soledad,STMT029,karoo
2,2026-08-22,POS PURCHASE PROG COUNTY MUT INS PREM JORDO JORDON PHOMMYVONG HATFIELD 22 AUG,-1955.77,-1904.02,True,prog county mut ins prem jordo jordon phommyvong hatfield,STMT029,karoo
2,2026-08-22,CARD PURCHASE FOREIGN EXCHANGE RATE ADJUSTMENT FEE DURBAN 7357*6775 22 AUG,-24.84,-1928.86,True,foreign exchange rate adjustment fee durban,STMT029,karoo
2,2026-08-24,CARD PURCHASE RAINBOW ROSEBANK 4846*5140,-240.53,-2169.39,True,rainbow rosebank,STMT029,karoo
2,2026-08-25,SALARY BAOBAB CONSULTING,27700.0,25530.61,True,salary baobab consulting,STMT029,karoo
2,2026-08-26,CARD PURCHASE MUGG BEAN DURHAM 4864*3654,-112.35,25418.26,True,mugg bean durham,STMT029,karoo
2,2026-08-27,CARD PURCHASE BP 7749*6681 27 AUG,-1327.25,24091.01,True,bp,STMT029,karoo
2,2026-08-27,POS PURCHASE STEAMGAMES COM,-149.37,23941.64,True,steamgames com,STMT029,karoo
2,2026-08-27,CARD PURCHASE FAMOUS FOOTWEAR BONNEY LAKE 4627*5053,-659.28,23282.36,True,famous footwear bonney lake,STMT029,karoo
2,2026-08-28,AFFIRM PAY BIIMQ,-353.87,22928.49,True,affirm pay biimq,STMT029,karoo
2,2026-08-29,DIRECT FEE 6857*9543 29 AUG,-51.47,22877.02,True,direct fee,STMT029,karoo
2,2026-08-29,POS PURCHASE FOOD LOVERS MARKET MARION OHUS HATFIELD 6056*2774,-462.53,22414.49,True,food lovers market marion ohus hatfield,STMT029,karoo
2,2026-08-31,MONTHLY ACCOUNT FEE,-99.0,22315.49,True,monthly account fee,STMT029,karoo
2,2026-08-31,DEB CHECKERS SW ARCHER RD ROSEBANK 4343*1203,-501.26,21814.23,True,deb checkers sw archer rd rosebank,STMT029,karoo
2,2026-08-31,CARD PURCHASE SHELL 31 AUG,-336.1,21478.13,True,shell,STMT029,karoo
1,2026-06-01,DEBIT ORDER SCHOOL FEES DEPT EDUC TEXTBOOKS POLOKWANE 01 JUN,-2282.18,19801.92,True,school fees dept educ textbooks polokwane,STMT030,highveld
1,2026-06-01,INTERNET PMT TO AMPATH LAB 8793*5907 01 JUN,-261.38,19540.54,True,ampath lab,STMT030,highveld
1,2026-06-01,CARD PURCHASE GRID 5622*7699,-234.22,19306.32,True,grid,STMT030,highveld
1,2026-06-02,DEBIT ORDER ESKOM 4546*8614 02 JUN,-1101.88,18204.44,True,eskom,STMT030,highveld
1,2026-06-04,PEPBOYS STORE,-657.22,17547.22,True,pepboys store,STMT030,highveld
1,2026-06-05,POS PURCHASE PIN USE FEE CHECKERS HYPER EAST MARKET BLDG BLOEMFONTEIN,-42.75,17504.47,True,pin use fee checkers hyper east market bldg bloemfontein,STMT030,highveld
1,2026-06-05,POS PURCHASE SAVE LOT,-161.45,17343.02,True,save lot,STMT030,highveld
1,2026-06-05,POS PURCHASE ENGEN BRILLION 4977*2652,-568.57,16774.45,True,engen brillion,STMT030,highveld
1,2026-06-06,DEBIT ORDER FBS GREENWOOD UD 5310*6082,-375.18,16399.27,True,fbs greenwood ud,STMT030,highveld
1,2026-06-06,POS PURCHASE PIZZA HUT CENTURION 2345*6730,-418.17,15981.1,True,pizza hut centurion,STMT030,highveld
1,2026-06-06,BRAUMS STORE,-98.6,15882.5,True,braums store,STMT030,highveld
1,2026-06-07,POS PURCHASE CHECKERS INTERSTATE GEORGETOWN MIDRAND,-985.67,14896.83,True,checkers interstate georgetown midrand,STMT030,highveld
1,2026-06-08,CARD PURCHASE FOOD LION FOOD LION VIRGINIABEACH,-541.0,14355.83,True,food lion food lion virginiabeach,STMT030,highveld
1,2026-06-08,POS PURCHASE MUGG BEAN STORE ORLANDO 08 JUN,-99.38,14256.45,True,mugg bean store orlando,STMT030,highveld
1,2026-06-08,CARD PURCHASE TOTALENERGIES BRILLION 3221*7252,-427.25,13829.2,True,totalenergies brillion,STMT030,highveld
1,2026-06-09,WIMPY NORC POLOKWANE 1455*5568 09 JUN,-90.04,13739.16,True,wimpy norc polokwane,STMT030,highveld
1,2026-06-11,POS PURCHASE VIDA CAFFE 3723*1116 11 JUN,-165.42,13573.74,True,vida caffe,STMT030,highveld
1,2026-06-12,POS PURCHASE OVERDRAFT FEE DETAILS RAIN PAY 8878*2159,-370.75,13202.99,True,overdraft fee details rain pay,STMT030,highveld
1,2026-06-12,POS PURCHASE TOTALENERGIES 9232*3379,-573.12,12629.87,True,totalenergies,STMT030,highveld
1,2026-06-14,POS PURCHASE ATM FEE,-47.42,12582.45,True,atm fee,STMT030,highveld
1,2026-06-14,CARD PURCHASE FSI CITY JOHANNESBURG LOCAL,-343.24,12239.21,True,fsi city johannesburg local,STMT030,highveld
1,2026-06-15,POS PURCHASE WOOLWORTHS FOOD COM 3657*9309 15 JUN,-365.11,11874.1,True,woolworths food com,STMT030,highveld
1,2026-06-15,CARD PURCHASE WOOLWORTHS FOOD COM PARKWAYDATE RANDBURG,-35.24,11838.86,True,woolworths food com parkwaydate randburg,STMT030,highveld
1,2026-06-15,BOXER SUP JOHANNESBURG 8314*1165,-1907.56,9931.3,True,boxer sup johannesburg,STMT030,highveld
1,2026-06-16,CARD PURCHASE SPOTIFY RANDBURG,-237.06,9694.24,True,spotify randburg,STMT030,highveld
1,2026-06-17,POS PURCHASE INSUFFICIENT FUNDS CHARGE DON QUIJOTE HONO SERIAL 17 JUN,-304.21,9390.03,True,insufficient funds charge don quijote hono serial,STMT030,highveld
1,2026-06-18,LOT SHELL 7956*9091 18 JUN,-560.04,8829.99,True,lot shell,STMT030,highveld
1,2026-06-18,CARD PURCHASE SPOTIFY 9029*2394,-141.8,8688.19,True,spotify,STMT030,highveld
1,2026-06-20,POS PURCHASE SASOL RANDBURG 20 JUN,-635.51,8052.68,True,sasol randburg,STMT030,highveld
1,2026-06-20,CARD PURCHASE RACETRAC RACETRAC MENLYN 9918*6890,-239.7,7812.98,True,racetrac racetrac menlyn,STMT030,highveld
1,2026-06-21,POS PURCHASE FSI EKURHULENI ELECTRICITY LOCAL,-238.6,7574.38,True,fsi ekurhuleni electricity local,STMT030,highveld
1,2026-06-21,POS PURCHASE DDA QUICK CHEK FOOD PHILLIPSBURG,-381.96,7192.42,True,dda quick chek food phillipsburg,STMT030,highveld
2,2026-06-21,AFFIRM PAY JY 9994*8028 21 JUN,-313.68,6878.74,True,affirm pay jy,STMT030,highveld
2,2026-06-22,AVA PRETORIA 2895*1585,-288.12,6590.62,True,ava pretoria,STMT030,highveld
2,2026-06-22,VILLAGE MARKET,-491.29,6099.33,True,village market,STMT030,highveld
2,2026-06-23,BP CENTURION,-582.82,5516.51,True,bp centurion,STMT030,highveld
2,2026-06-25,SALARY BAOBAB CONSULTING,27300.0,32816.51,True,salary baobab consulting,STMT030,highveld
2,2026-06-26,POS PURCHASE WOOLWORTHS COM SANDTON,-541.61,32274.9,True,woolworths com sandton,STMT030,highveld
2,2026-06-26,TRANSFER TO SAVINGS,-2600.0,29674.9,True,transfer savings,STMT030,highveld
2,2026-06-27,POS PURCHASE SPARKS COSTCO GAS DURBAN 8995*1124 27 JUN,-1962.2,27712.7,True,sparks costco gas durban,STMT030,highveld
2,2026-06-28,POS PURCHASE WOOLWORTHS FOOD SOWETO 5561*8842,-837.92,26874.78,True,woolworths food soweto,STMT030,highveld
2,2026-06-28,POS PURCHASE SEATTLE COFFEE 28 JUN,-54.49,26820.29,True,seattle coffee,STMT030,highveld
2,2026-06-29,DIRECT FEE 8076*8019,-51.47,26768.82,True,direct fee,STMT030,highveld
2,2026-06-30,MONTHLY ACCOUNT FEE,-65.0,26703.82,True,monthly account fee,STMT030,highveld
2,2026-06-30,CARD PURCHASE DUNSTAN SCARBOROUGH 1400*1903,-80.14,26623.68,True,dunstan scarborough,STMT030,highveld
